[{"model": "account.account", "pk": 1, "fields": {"password": "pbkdf2_sha256$260000$b37OKfC3snFYjP5dZXUBXR$DVqrQwdSveK4D8FarAnAvwBsfWig6vxt2y05m94e0i0=", "email": "Max@cs.unza.zm", "username": "Mat", "date_joined": "2023-07-12T17:19:36.786Z", "last_login": "2023-09-27T16:22:22.367Z", "is_admin": true, "is_active": true, "is_staff": true, "is_superuser": true}}, {"model": "admin.logentry", "pk": 1, "fields": {"action_time": "2023-07-12T18:45:59.347Z", "user": 1, "content_type": 2, "object_id": "2", "object_repr": "Jeff@cs.unza.zm", "action_flag": 1, "change_message": "[{\"added\": {}}]"}}, {"model": "admin.logentry", "pk": 2, "fields": {"action_time": "2023-08-24T08:43:46.322Z", "user": 1, "content_type": 2, "object_id": "19", "object_repr": "micro@cs.unza.zm", "action_flag": 1, "change_message": "[{\"added\": {}}]"}}, {"model": "admin.logentry", "pk": 3, "fields": {"action_time": "2023-08-24T08:45:44.160Z", "user": 1, "content_type": 2, "object_id": "19", "object_repr": "micro@cs.unza.zm", "action_flag": 3, "change_message": ""}}, {"model": "admin.logentry", "pk": 4, "fields": {"action_time": "2023-08-24T08:46:33.232Z", "user": 1, "content_type": 2, "object_id": "18", "object_repr": "jen@mt.tuza.mt", "action_flag": 3, "change_message": ""}}, {"model": "admin.logentry", "pk": 5, "fields": {"action_time": "2023-08-24T08:46:33.275Z", "user": 1, "content_type": 2, "object_id": "17", "object_repr": "monkey@cs.unza.zm", "action_flag": 3, "change_message": ""}}, {"model": "admin.logentry", "pk": 6, "fields": {"action_time": "2023-08-24T08:46:33.321Z", "user": 1, "content_type": 2, "object_id": "16", "object_repr": "Poke@cs.unza.zm", "action_flag": 3, "change_message": ""}}, {"model": "admin.logentry", "pk": 7, "fields": {"action_time": "2023-08-24T08:46:33.351Z", "user": 1, "content_type": 2, "object_id": "15", "object_repr": "Pat@cs.unza.zm", "action_flag": 3, "change_message": ""}}, {"model": "admin.logentry", "pk": 8, "fields": {"action_time": "2023-08-24T08:46:33.392Z", "user": 1, "content_type": 2, "object_id": "14", "object_repr": "Paul@cs.unza.zm", "action_flag": 3, "change_message": ""}}, {"model": "admin.logentry", "pk": 9, "fields": {"action_time": "2023-08-24T08:46:33.442Z", "user": 1, "content_type": 2, "object_id": "13", "object_repr": "Isaac@cs.unza.zm", "action_flag": 3, "change_message": ""}}, {"model": "admin.logentry", "pk": 10, "fields": {"action_time": "2023-08-24T08:46:33.492Z", "user": 1, "content_type": 2, "object_id": "12", "object_repr": "Kai@cs.unza.zm", "action_flag": 3, "change_message": ""}}, {"model": "admin.logentry", "pk": 11, "fields": {"action_time": "2023-08-24T08:46:33.543Z", "user": 1, "content_type": 2, "object_id": "11", "object_repr": "Eradiko@cs.unza.zm", "action_flag": 3, "change_message": ""}}, {"model": "admin.logentry", "pk": 12, "fields": {"action_time": "2023-08-24T08:46:33.585Z", "user": 1, "content_type": 2, "object_id": "10", "object_repr": "kol@cs.unza.zm", "action_flag": 3, "change_message": ""}}, {"model": "admin.logentry", "pk": 13, "fields": {"action_time": "2023-08-24T08:46:33.620Z", "user": 1, "content_type": 2, "object_id": "9", "object_repr": "Hope@cs.unza.zm", "action_flag": 3, "change_message": ""}}, {"model": "admin.logentry", "pk": 14, "fields": {"action_time": "2023-08-24T08:46:33.673Z", "user": 1, "content_type": 2, "object_id": "8", "object_repr": "July@cs.unza.zm", "action_flag": 3, "change_message": ""}}, {"model": "admin.logentry", "pk": 15, "fields": {"action_time": "2023-08-24T08:46:33.732Z", "user": 1, "content_type": 2, "object_id": "7", "object_repr": "Peter@cs.unza", "action_flag": 3, "change_message": ""}}, {"model": "admin.logentry", "pk": 16, "fields": {"action_time": "2023-09-11T13:09:45.485Z", "user": 1, "content_type": 8, "object_id": "1", "object_repr": "BAT 2345", "action_flag": 1, "change_message": "[{\"added\": {}}]"}}, {"model": "admin.logentry", "pk": 17, "fields": {"action_time": "2023-09-16T21:48:56.554Z", "user": 1, "content_type": 9, "object_id": "49", "object_repr": "Biometric Data for JuneAugust", "action_flag": 3, "change_message": ""}}, {"model": "admin.logentry", "pk": 18, "fields": {"action_time": "2023-09-16T21:48:56.567Z", "user": 1, "content_type": 9, "object_id": "48", "object_repr": "Biometric Data for JuneAugust", "action_flag": 3, "change_message": ""}}, {"model": "admin.logentry", "pk": 19, "fields": {"action_time": "2023-09-16T21:48:56.583Z", "user": 1, "content_type": 9, "object_id": "47", "object_repr": "Biometric Data for JuneAugust", "action_flag": 3, "change_message": ""}}, {"model": "admin.logentry", "pk": 20, "fields": {"action_time": "2023-09-16T21:48:56.598Z", "user": 1, "content_type": 9, "object_id": "46", "object_repr": "Biometric Data for JuneAugust", "action_flag": 3, "change_message": ""}}, {"model": "admin.logentry", "pk": 21, "fields": {"action_time": "2023-09-16T21:48:56.614Z", "user": 1, "content_type": 9, "object_id": "45", "object_repr": "Biometric Data for JuneAugust", "action_flag": 3, "change_message": ""}}, {"model": "admin.logentry", "pk": 22, "fields": {"action_time": "2023-09-16T21:48:56.630Z", "user": 1, "content_type": 9, "object_id": "44", "object_repr": "Biometric Data for JuneAugust", "action_flag": 3, "change_message": ""}}, {"model": "admin.logentry", "pk": 23, "fields": {"action_time": "2023-09-16T21:48:56.645Z", "user": 1, "content_type": 9, "object_id": "43", "object_repr": "Biometric Data for JuneAugust", "action_flag": 3, "change_message": ""}}, {"model": "admin.logentry", "pk": 24, "fields": {"action_time": "2023-09-16T21:48:56.661Z", "user": 1, "content_type": 9, "object_id": "42", "object_repr": "Biometric Data for JuneAugust", "action_flag": 3, "change_message": ""}}, {"model": "admin.logentry", "pk": 25, "fields": {"action_time": "2023-09-16T21:48:56.676Z", "user": 1, "content_type": 9, "object_id": "41", "object_repr": "Biometric Data for JuneAugust", "action_flag": 3, "change_message": ""}}, {"model": "admin.logentry", "pk": 26, "fields": {"action_time": "2023-09-16T21:48:56.689Z", "user": 1, "content_type": 9, "object_id": "40", "object_repr": "Biometric Data for JuneAugust", "action_flag": 3, "change_message": ""}}, {"model": "admin.logentry", "pk": 27, "fields": {"action_time": "2023-09-16T21:48:56.705Z", "user": 1, "content_type": 9, "object_id": "39", "object_repr": "Biometric Data for JuneAugust", "action_flag": 3, "change_message": ""}}, {"model": "admin.logentry", "pk": 28, "fields": {"action_time": "2023-09-16T21:48:56.718Z", "user": 1, "content_type": 9, "object_id": "38", "object_repr": "Biometric Data for JuneAugust", "action_flag": 3, "change_message": ""}}, {"model": "admin.logentry", "pk": 29, "fields": {"action_time": "2023-09-16T21:48:56.733Z", "user": 1, "content_type": 9, "object_id": "37", "object_repr": "Biometric Data for JuneAugust", "action_flag": 3, "change_message": ""}}, {"model": "admin.logentry", "pk": 30, "fields": {"action_time": "2023-09-16T21:48:56.747Z", "user": 1, "content_type": 9, "object_id": "36", "object_repr": "Biometric Data for JuneAugust", "action_flag": 3, "change_message": ""}}, {"model": "admin.logentry", "pk": 31, "fields": {"action_time": "2023-09-16T21:48:56.760Z", "user": 1, "content_type": 9, "object_id": "35", "object_repr": "Biometric Data for JuneAugust", "action_flag": 3, "change_message": ""}}, {"model": "admin.logentry", "pk": 32, "fields": {"action_time": "2023-09-16T21:48:56.775Z", "user": 1, "content_type": 9, "object_id": "34", "object_repr": "Biometric Data for JuneAugust", "action_flag": 3, "change_message": ""}}, {"model": "admin.logentry", "pk": 33, "fields": {"action_time": "2023-09-16T21:48:56.792Z", "user": 1, "content_type": 9, "object_id": "33", "object_repr": "Biometric Data for JuneAugust", "action_flag": 3, "change_message": ""}}, {"model": "admin.logentry", "pk": 34, "fields": {"action_time": "2023-09-16T21:48:56.807Z", "user": 1, "content_type": 9, "object_id": "32", "object_repr": "Biometric Data for JuneAugust", "action_flag": 3, "change_message": ""}}, {"model": "admin.logentry", "pk": 35, "fields": {"action_time": "2023-09-16T21:48:56.823Z", "user": 1, "content_type": 9, "object_id": "31", "object_repr": "Biometric Data for JuneAugust", "action_flag": 3, "change_message": ""}}, {"model": "admin.logentry", "pk": 36, "fields": {"action_time": "2023-09-16T21:48:56.839Z", "user": 1, "content_type": 9, "object_id": "30", "object_repr": "Biometric Data for JuneAugust", "action_flag": 3, "change_message": ""}}, {"model": "admin.logentry", "pk": 37, "fields": {"action_time": "2023-09-16T21:48:56.854Z", "user": 1, "content_type": 9, "object_id": "29", "object_repr": "Biometric Data for JuneAugust", "action_flag": 3, "change_message": ""}}, {"model": "admin.logentry", "pk": 38, "fields": {"action_time": "2023-09-16T21:48:56.868Z", "user": 1, "content_type": 9, "object_id": "28", "object_repr": "Biometric Data for JuneAugust", "action_flag": 3, "change_message": ""}}, {"model": "admin.logentry", "pk": 39, "fields": {"action_time": "2023-09-16T21:48:56.878Z", "user": 1, "content_type": 9, "object_id": "27", "object_repr": "Biometric Data for JuneAugust", "action_flag": 3, "change_message": ""}}, {"model": "admin.logentry", "pk": 40, "fields": {"action_time": "2023-09-16T21:48:56.889Z", "user": 1, "content_type": 9, "object_id": "26", "object_repr": "Biometric Data for JuneAugust", "action_flag": 3, "change_message": ""}}, {"model": "admin.logentry", "pk": 41, "fields": {"action_time": "2023-09-16T21:48:56.903Z", "user": 1, "content_type": 9, "object_id": "25", "object_repr": "Biometric Data for JuneAugust", "action_flag": 3, "change_message": ""}}, {"model": "admin.logentry", "pk": 42, "fields": {"action_time": "2023-09-16T21:48:56.914Z", "user": 1, "content_type": 9, "object_id": "24", "object_repr": "Biometric Data for JuneAugust", "action_flag": 3, "change_message": ""}}, {"model": "admin.logentry", "pk": 43, "fields": {"action_time": "2023-09-16T21:48:56.924Z", "user": 1, "content_type": 9, "object_id": "23", "object_repr": "Biometric Data for JuneAugust", "action_flag": 3, "change_message": ""}}, {"model": "admin.logentry", "pk": 44, "fields": {"action_time": "2023-09-16T21:48:56.936Z", "user": 1, "content_type": 9, "object_id": "22", "object_repr": "Biometric Data for JuneAugust", "action_flag": 3, "change_message": ""}}, {"model": "admin.logentry", "pk": 45, "fields": {"action_time": "2023-09-16T21:48:56.948Z", "user": 1, "content_type": 9, "object_id": "21", "object_repr": "Biometric Data for JuneAugust", "action_flag": 3, "change_message": ""}}, {"model": "admin.logentry", "pk": 46, "fields": {"action_time": "2023-09-16T21:48:56.960Z", "user": 1, "content_type": 9, "object_id": "20", "object_repr": "Biometric Data for JuneAugust", "action_flag": 3, "change_message": ""}}, {"model": "admin.logentry", "pk": 47, "fields": {"action_time": "2023-09-16T21:48:56.973Z", "user": 1, "content_type": 9, "object_id": "19", "object_repr": "Biometric Data for JuneAugust", "action_flag": 3, "change_message": ""}}, {"model": "admin.logentry", "pk": 48, "fields": {"action_time": "2023-09-16T21:48:56.985Z", "user": 1, "content_type": 9, "object_id": "18", "object_repr": "Biometric Data for JuneAugust", "action_flag": 3, "change_message": ""}}, {"model": "admin.logentry", "pk": 49, "fields": {"action_time": "2023-09-16T21:48:56.998Z", "user": 1, "content_type": 9, "object_id": "17", "object_repr": "Biometric Data for JuneAugust", "action_flag": 3, "change_message": ""}}, {"model": "admin.logentry", "pk": 50, "fields": {"action_time": "2023-09-16T21:48:57.008Z", "user": 1, "content_type": 9, "object_id": "16", "object_repr": "Biometric Data for JuneAugust", "action_flag": 3, "change_message": ""}}, {"model": "admin.logentry", "pk": 51, "fields": {"action_time": "2023-09-16T21:48:57.021Z", "user": 1, "content_type": 9, "object_id": "15", "object_repr": "Biometric Data for JuneAugust", "action_flag": 3, "change_message": ""}}, {"model": "admin.logentry", "pk": 52, "fields": {"action_time": "2023-09-16T21:48:57.034Z", "user": 1, "content_type": 9, "object_id": "14", "object_repr": "Biometric Data for JuneAugust", "action_flag": 3, "change_message": ""}}, {"model": "admin.logentry", "pk": 53, "fields": {"action_time": "2023-09-16T21:48:57.047Z", "user": 1, "content_type": 9, "object_id": "13", "object_repr": "Biometric Data for JuneAugust", "action_flag": 3, "change_message": ""}}, {"model": "admin.logentry", "pk": 54, "fields": {"action_time": "2023-09-16T21:48:57.062Z", "user": 1, "content_type": 9, "object_id": "12", "object_repr": "Biometric Data for JuneAugust", "action_flag": 3, "change_message": ""}}, {"model": "admin.logentry", "pk": 55, "fields": {"action_time": "2023-09-16T21:48:57.071Z", "user": 1, "content_type": 9, "object_id": "11", "object_repr": "Biometric Data for JuneAugust", "action_flag": 3, "change_message": ""}}, {"model": "admin.logentry", "pk": 56, "fields": {"action_time": "2023-09-16T21:48:57.084Z", "user": 1, "content_type": 9, "object_id": "10", "object_repr": "Biometric Data for JuneAugust", "action_flag": 3, "change_message": ""}}, {"model": "admin.logentry", "pk": 57, "fields": {"action_time": "2023-09-16T21:48:57.100Z", "user": 1, "content_type": 9, "object_id": "9", "object_repr": "Biometric Data for Jasper", "action_flag": 3, "change_message": ""}}, {"model": "admin.logentry", "pk": 58, "fields": {"action_time": "2023-09-16T21:48:57.113Z", "user": 1, "content_type": 9, "object_id": "8", "object_repr": "Biometric Data for AdamDaven", "action_flag": 3, "change_message": ""}}, {"model": "admin.logentry", "pk": 59, "fields": {"action_time": "2023-09-16T21:48:57.122Z", "user": 1, "content_type": 9, "object_id": "7", "object_repr": "Biometric Data for AdamDaven", "action_flag": 3, "change_message": ""}}, {"model": "admin.logentry", "pk": 60, "fields": {"action_time": "2023-09-16T21:48:57.136Z", "user": 1, "content_type": 9, "object_id": "6", "object_repr": "Biometric Data for AdamDaven", "action_flag": 3, "change_message": ""}}, {"model": "admin.logentry", "pk": 61, "fields": {"action_time": "2023-09-16T21:48:57.150Z", "user": 1, "content_type": 9, "object_id": "5", "object_repr": "Biometric Data for AdamDaven", "action_flag": 3, "change_message": ""}}, {"model": "admin.logentry", "pk": 62, "fields": {"action_time": "2023-09-16T21:48:57.162Z", "user": 1, "content_type": 9, "object_id": "4", "object_repr": "Biometric Data for AdamDaven", "action_flag": 3, "change_message": ""}}, {"model": "admin.logentry", "pk": 63, "fields": {"action_time": "2023-09-16T21:48:57.172Z", "user": 1, "content_type": 9, "object_id": "3", "object_repr": "Biometric Data for AdamDaven", "action_flag": 3, "change_message": ""}}, {"model": "admin.logentry", "pk": 64, "fields": {"action_time": "2023-09-16T21:48:57.185Z", "user": 1, "content_type": 9, "object_id": "2", "object_repr": "Biometric Data for Alec", "action_flag": 3, "change_message": ""}}, {"model": "admin.logentry", "pk": 65, "fields": {"action_time": "2023-09-16T21:48:57.200Z", "user": 1, "content_type": 9, "object_id": "1", "object_repr": "Biometric Data for Jadecade", "action_flag": 3, "change_message": ""}}, {"model": "admin.logentry", "pk": 66, "fields": {"action_time": "2023-09-17T13:44:55.591Z", "user": 1, "content_type": 9, "object_id": "54", "object_repr": "Biometric Data for rosecole", "action_flag": 3, "change_message": ""}}, {"model": "admin.logentry", "pk": 67, "fields": {"action_time": "2023-09-17T13:44:55.601Z", "user": 1, "content_type": 9, "object_id": "53", "object_repr": "Biometric Data for rosecole", "action_flag": 3, "change_message": ""}}, {"model": "admin.logentry", "pk": 68, "fields": {"action_time": "2023-09-17T13:44:55.610Z", "user": 1, "content_type": 9, "object_id": "52", "object_repr": "Biometric Data for rosecole", "action_flag": 3, "change_message": ""}}, {"model": "admin.logentry", "pk": 69, "fields": {"action_time": "2023-09-17T13:44:55.619Z", "user": 1, "content_type": 9, "object_id": "51", "object_repr": "Biometric Data for EdwardWaterson", "action_flag": 3, "change_message": ""}}, {"model": "admin.logentry", "pk": 70, "fields": {"action_time": "2023-09-17T13:44:55.631Z", "user": 1, "content_type": 9, "object_id": "50", "object_repr": "Biometric Data for EdwardWaterson", "action_flag": 3, "change_message": ""}}, {"model": "admin.logentry", "pk": 71, "fields": {"action_time": "2023-09-21T05:52:05.307Z", "user": 1, "content_type": 2, "object_id": "43", "object_repr": "Grey@cs.unza.zm", "action_flag": 3, "change_message": ""}}, {"model": "admin.logentry", "pk": 72, "fields": {"action_time": "2023-09-21T05:52:05.317Z", "user": 1, "content_type": 2, "object_id": "42", "object_repr": "Tara@cs.unza.zm", "action_flag": 3, "change_message": ""}}, {"model": "admin.logentry", "pk": 73, "fields": {"action_time": "2023-09-21T05:52:05.329Z", "user": 1, "content_type": 2, "object_id": "41", "object_repr": "Kara@gmail.com", "action_flag": 3, "change_message": ""}}, {"model": "admin.logentry", "pk": 74, "fields": {"action_time": "2023-09-21T05:52:05.338Z", "user": 1, "content_type": 2, "object_id": "40", "object_repr": "Rose@cs.unza.zm", "action_flag": 3, "change_message": ""}}, {"model": "admin.logentry", "pk": 75, "fields": {"action_time": "2023-09-21T05:52:05.348Z", "user": 1, "content_type": 2, "object_id": "39", "object_repr": "Edward@cs.unza.zm", "action_flag": 3, "change_message": ""}}, {"model": "admin.logentry", "pk": 76, "fields": {"action_time": "2023-09-21T05:52:05.358Z", "user": 1, "content_type": 2, "object_id": "38", "object_repr": "June@cs.unza.zm", "action_flag": 3, "change_message": ""}}, {"model": "admin.logentry", "pk": 77, "fields": {"action_time": "2023-09-21T05:52:05.367Z", "user": 1, "content_type": 2, "object_id": "37", "object_repr": "Jasper@cs.unza.zm", "action_flag": 3, "change_message": ""}}, {"model": "admin.logentry", "pk": 78, "fields": {"action_time": "2023-09-21T05:52:05.378Z", "user": 1, "content_type": 2, "object_id": "36", "object_repr": "Adam@cs.unza.zm", "action_flag": 3, "change_message": ""}}, {"model": "admin.logentry", "pk": 79, "fields": {"action_time": "2023-09-21T07:12:39.255Z", "user": 1, "content_type": 9, "object_id": "69", "object_repr": "Biometric Data for Hello", "action_flag": 3, "change_message": ""}}, {"model": "admin.logentry", "pk": 80, "fields": {"action_time": "2023-09-21T07:12:39.267Z", "user": 1, "content_type": 9, "object_id": "68", "object_repr": "Biometric Data for Charles", "action_flag": 3, "change_message": ""}}, {"model": "admin.logentry", "pk": 81, "fields": {"action_time": "2023-09-21T07:12:39.278Z", "user": 1, "content_type": 9, "object_id": "67", "object_repr": "Biometric Data for Charles", "action_flag": 3, "change_message": ""}}, {"model": "admin.logentry", "pk": 82, "fields": {"action_time": "2023-09-21T07:12:39.293Z", "user": 1, "content_type": 9, "object_id": "66", "object_repr": "Biometric Data for Charles", "action_flag": 3, "change_message": ""}}, {"model": "admin.logentry", "pk": 83, "fields": {"action_time": "2023-09-21T07:12:39.303Z", "user": 1, "content_type": 9, "object_id": "65", "object_repr": "Biometric Data for Charles", "action_flag": 3, "change_message": ""}}, {"model": "admin.logentry", "pk": 84, "fields": {"action_time": "2023-09-21T07:12:39.314Z", "user": 1, "content_type": 9, "object_id": "64", "object_repr": "Biometric Data for Charles", "action_flag": 3, "change_message": ""}}, {"model": "admin.logentry", "pk": 85, "fields": {"action_time": "2023-09-21T07:12:39.324Z", "user": 1, "content_type": 9, "object_id": "63", "object_repr": "Biometric Data for Charles", "action_flag": 3, "change_message": ""}}, {"model": "admin.logentry", "pk": 86, "fields": {"action_time": "2023-09-21T07:12:39.337Z", "user": 1, "content_type": 9, "object_id": "62", "object_repr": "Biometric Data for Charles", "action_flag": 3, "change_message": ""}}, {"model": "admin.logentry", "pk": 87, "fields": {"action_time": "2023-09-21T07:12:39.349Z", "user": 1, "content_type": 9, "object_id": "61", "object_repr": "Biometric Data for Charles", "action_flag": 3, "change_message": ""}}, {"model": "admin.logentry", "pk": 88, "fields": {"action_time": "2023-09-24T06:48:56.794Z", "user": 1, "content_type": 9, "object_id": "75", "object_repr": "Biometric Data for Runo", "action_flag": 3, "change_message": ""}}, {"model": "admin.logentry", "pk": 89, "fields": {"action_time": "2023-09-24T06:48:56.807Z", "user": 1, "content_type": 9, "object_id": "74", "object_repr": "Biometric Data for Runo", "action_flag": 3, "change_message": ""}}, {"model": "admin.logentry", "pk": 90, "fields": {"action_time": "2023-09-24T06:48:56.819Z", "user": 1, "content_type": 9, "object_id": "73", "object_repr": "Biometric Data for Runo", "action_flag": 3, "change_message": ""}}, {"model": "admin.logentry", "pk": 91, "fields": {"action_time": "2023-09-24T06:48:56.832Z", "user": 1, "content_type": 9, "object_id": "72", "object_repr": "Biometric Data for Runo", "action_flag": 3, "change_message": ""}}, {"model": "admin.logentry", "pk": 92, "fields": {"action_time": "2023-09-24T06:48:56.843Z", "user": 1, "content_type": 9, "object_id": "71", "object_repr": "Biometric Data for Walter", "action_flag": 3, "change_message": ""}}, {"model": "admin.logentry", "pk": 93, "fields": {"action_time": "2023-09-24T06:48:56.856Z", "user": 1, "content_type": 9, "object_id": "70", "object_repr": "Biometric Data for Walter", "action_flag": 3, "change_message": ""}}, {"model": "admin.logentry", "pk": 94, "fields": {"action_time": "2023-09-24T07:27:38.440Z", "user": 1, "content_type": 9, "object_id": "79", "object_repr": "Biometric Data for Marcus", "action_flag": 3, "change_message": ""}}, {"model": "admin.logentry", "pk": 95, "fields": {"action_time": "2023-09-24T07:27:38.453Z", "user": 1, "content_type": 9, "object_id": "78", "object_repr": "Biometric Data for Marcus", "action_flag": 3, "change_message": ""}}, {"model": "admin.logentry", "pk": 96, "fields": {"action_time": "2023-09-24T07:27:38.466Z", "user": 1, "content_type": 9, "object_id": "77", "object_repr": "Biometric Data for leena", "action_flag": 3, "change_message": ""}}, {"model": "admin.logentry", "pk": 97, "fields": {"action_time": "2023-09-24T07:27:38.478Z", "user": 1, "content_type": 9, "object_id": "76", "object_repr": "Biometric Data for leena", "action_flag": 3, "change_message": ""}}, {"model": "admin.logentry", "pk": 98, "fields": {"action_time": "2023-09-24T07:34:32.482Z", "user": 1, "content_type": 9, "object_id": "81", "object_repr": "Biometric Data for Dream", "action_flag": 3, "change_message": ""}}, {"model": "admin.logentry", "pk": 99, "fields": {"action_time": "2023-09-24T07:34:32.496Z", "user": 1, "content_type": 9, "object_id": "80", "object_repr": "Biometric Data for Dream", "action_flag": 3, "change_message": ""}}, {"model": "admin.logentry", "pk": 100, "fields": {"action_time": "2023-09-25T13:44:28.422Z", "user": 1, "content_type": 9, "object_id": "1", "object_repr": "Biometric Data for test", "action_flag": 1, "change_message": "[{\"added\": {}}]"}}, {"model": "admin.logentry", "pk": 101, "fields": {"action_time": "2023-09-25T13:50:10.281Z", "user": 1, "content_type": 9, "object_id": "2", "object_repr": "Biometric Data for John", "action_flag": 1, "change_message": "[{\"added\": {}}]"}}, {"model": "admin.logentry", "pk": 102, "fields": {"action_time": "2023-09-25T13:51:24.268Z", "user": 1, "content_type": 9, "object_id": "1", "object_repr": "Biometric Data for test", "action_flag": 2, "change_message": "[{\"changed\": {\"fields\": [\"Recorded voice\"]}}]"}}, {"model": "admin.logentry", "pk": 103, "fields": {"action_time": "2023-09-27T15:52:31.168Z", "user": 1, "content_type": 9, "object_id": "5", "object_repr": "Biometric Data for Python", "action_flag": 1, "change_message": "[{\"added\": {}}]"}}, {"model": "admin.logentry", "pk": 104, "fields": {"action_time": "2023-09-27T15:53:40.630Z", "user": 1, "content_type": 9, "object_id": "5", "object_repr": "Biometric Data for Python", "action_flag": 2, "change_message": "[{\"changed\": {\"fields\": [\"Recorded voice\", \"Captured face\"]}}]"}}, {"model": "admin.logentry", "pk": 105, "fields": {"action_time": "2023-09-28T11:45:45.059Z", "user": 1, "content_type": 2, "object_id": "71", "object_repr": "Nia@cx.umza.zm", "action_flag": 3, "change_message": ""}}, {"model": "admin.logentry", "pk": 106, "fields": {"action_time": "2023-09-28T11:45:45.113Z", "user": 1, "content_type": 2, "object_id": "70", "object_repr": "Zoey@cdbnty.zm", "action_flag": 3, "change_message": ""}}, {"model": "admin.logentry", "pk": 107, "fields": {"action_time": "2023-09-28T11:45:45.149Z", "user": 1, "content_type": 2, "object_id": "69", "object_repr": "Sasha@cvtyuio.zm", "action_flag": 3, "change_message": ""}}, {"model": "admin.logentry", "pk": 108, "fields": {"action_time": "2023-09-28T11:45:45.194Z", "user": 1, "content_type": 2, "object_id": "68", "object_repr": "Paige@cdruza.zm", "action_flag": 3, "change_message": ""}}, {"model": "admin.logentry", "pk": 109, "fields": {"action_time": "2023-09-28T11:45:45.238Z", "user": 1, "content_type": 2, "object_id": "67", "object_repr": "Poker@cvbnuei.km", "action_flag": 3, "change_message": ""}}, {"model": "admin.logentry", "pk": 110, "fields": {"action_time": "2023-09-28T11:45:45.278Z", "user": 1, "content_type": 2, "object_id": "66", "object_repr": "Boat@cs.unza.zm", "action_flag": 3, "change_message": ""}}, {"model": "admin.logentry", "pk": 111, "fields": {"action_time": "2023-09-28T11:45:45.324Z", "user": 1, "content_type": 2, "object_id": "65", "object_repr": "nigel@vbnsm.zm", "action_flag": 3, "change_message": ""}}, {"model": "admin.logentry", "pk": 112, "fields": {"action_time": "2023-09-28T11:45:45.386Z", "user": 1, "content_type": 2, "object_id": "64", "object_repr": "Dream@cfutca.zm", "action_flag": 3, "change_message": ""}}, {"model": "admin.logentry", "pk": 113, "fields": {"action_time": "2023-09-28T11:45:45.473Z", "user": 1, "content_type": 2, "object_id": "63", "object_repr": "Marcus@cs.muto.mk", "action_flag": 3, "change_message": ""}}, {"model": "admin.logentry", "pk": 114, "fields": {"action_time": "2023-09-28T11:45:45.501Z", "user": 1, "content_type": 2, "object_id": "62", "object_repr": "leena@cs.unza.zm", "action_flag": 3, "change_message": ""}}, {"model": "admin.logentry", "pk": 115, "fields": {"action_time": "2023-09-28T11:45:45.542Z", "user": 1, "content_type": 2, "object_id": "61", "object_repr": "Runo@mweza.zm", "action_flag": 3, "change_message": ""}}, {"model": "admin.logentry", "pk": 116, "fields": {"action_time": "2023-09-28T11:45:45.587Z", "user": 1, "content_type": 2, "object_id": "60", "object_repr": "Dan@cs.unza.zm", "action_flag": 3, "change_message": ""}}, {"model": "admin.logentry", "pk": 117, "fields": {"action_time": "2023-09-28T11:45:45.617Z", "user": 1, "content_type": 2, "object_id": "59", "object_repr": "Sean@cs.unza.zm", "action_flag": 3, "change_message": ""}}, {"model": "admin.logentry", "pk": 118, "fields": {"action_time": "2023-09-28T11:45:45.669Z", "user": 1, "content_type": 2, "object_id": "58", "object_repr": "Saul@cs.unza.com", "action_flag": 3, "change_message": ""}}, {"model": "admin.logentry", "pk": 119, "fields": {"action_time": "2023-09-28T11:45:45.708Z", "user": 1, "content_type": 2, "object_id": "57", "object_repr": "Register@cs.unza.zm", "action_flag": 3, "change_message": ""}}, {"model": "admin.logentry", "pk": 120, "fields": {"action_time": "2023-09-28T11:45:45.755Z", "user": 1, "content_type": 2, "object_id": "56", "object_repr": "Rody@mwety.zm", "action_flag": 3, "change_message": ""}}, {"model": "admin.logentry", "pk": 121, "fields": {"action_time": "2023-09-28T11:45:45.854Z", "user": 1, "content_type": 2, "object_id": "55", "object_repr": "Tony@cs.unza.zm", "action_flag": 3, "change_message": ""}}, {"model": "admin.logentry", "pk": 122, "fields": {"action_time": "2023-09-28T11:45:45.898Z", "user": 1, "content_type": 2, "object_id": "54", "object_repr": "Zack@cs.unza.zm", "action_flag": 3, "change_message": ""}}, {"model": "admin.logentry", "pk": 123, "fields": {"action_time": "2023-09-28T11:45:45.981Z", "user": 1, "content_type": 2, "object_id": "53", "object_repr": "Cody@cs.mzre.zm", "action_flag": 3, "change_message": ""}}, {"model": "admin.logentry", "pk": 124, "fields": {"action_time": "2023-09-28T11:45:46.026Z", "user": 1, "content_type": 2, "object_id": "52", "object_repr": "Rain@cs.unza.zm", "action_flag": 3, "change_message": ""}}, {"model": "admin.logentry", "pk": 125, "fields": {"action_time": "2023-09-28T11:45:46.067Z", "user": 1, "content_type": 2, "object_id": "51", "object_repr": "Pest@cs.unza.zm", "action_flag": 3, "change_message": ""}}, {"model": "admin.logentry", "pk": 126, "fields": {"action_time": "2023-09-28T11:45:46.104Z", "user": 1, "content_type": 2, "object_id": "50", "object_repr": "Purity@cs.unza.zm", "action_flag": 3, "change_message": ""}}, {"model": "admin.logentry", "pk": 127, "fields": {"action_time": "2023-09-28T11:45:46.137Z", "user": 1, "content_type": 2, "object_id": "49", "object_repr": "Karl@cs.unz.zm", "action_flag": 3, "change_message": ""}}, {"model": "admin.logentry", "pk": 128, "fields": {"action_time": "2023-09-28T11:45:46.187Z", "user": 1, "content_type": 2, "object_id": "48", "object_repr": "Chart@cs.unza.zm", "action_flag": 3, "change_message": ""}}, {"model": "admin.logentry", "pk": 129, "fields": {"action_time": "2023-09-28T11:45:46.224Z", "user": 1, "content_type": 2, "object_id": "47", "object_repr": "Charlie@CD.tiza.zm", "action_flag": 3, "change_message": ""}}, {"model": "admin.logentry", "pk": 130, "fields": {"action_time": "2023-09-28T11:45:46.258Z", "user": 1, "content_type": 2, "object_id": "46", "object_repr": "Walter@cs.unza.zm", "action_flag": 3, "change_message": ""}}, {"model": "admin.logentry", "pk": 131, "fields": {"action_time": "2023-09-28T11:45:46.297Z", "user": 1, "content_type": 2, "object_id": "45", "object_repr": "Hello@cs.unza.zm", "action_flag": 3, "change_message": ""}}, {"model": "admin.logentry", "pk": 132, "fields": {"action_time": "2023-09-28T11:45:46.334Z", "user": 1, "content_type": 2, "object_id": "44", "object_repr": "Charles@cs.unza.zm", "action_flag": 3, "change_message": ""}}, {"model": "admin.logentry", "pk": 133, "fields": {"action_time": "2023-09-28T11:45:46.368Z", "user": 1, "content_type": 2, "object_id": "35", "object_repr": "Alec@cs.unza.zm", "action_flag": 3, "change_message": ""}}, {"model": "admin.logentry", "pk": 134, "fields": {"action_time": "2023-09-28T11:45:46.407Z", "user": 1, "content_type": 2, "object_id": "34", "object_repr": "Jade@cs.unza.zm", "action_flag": 3, "change_message": ""}}, {"model": "admin.logentry", "pk": 135, "fields": {"action_time": "2023-09-28T11:45:46.448Z", "user": 1, "content_type": 2, "object_id": "33", "object_repr": "Justin@cs.unza.zm", "action_flag": 3, "change_message": ""}}, {"model": "admin.logentry", "pk": 136, "fields": {"action_time": "2023-09-28T11:45:46.476Z", "user": 1, "content_type": 2, "object_id": "32", "object_repr": "Bree@cs.unza.zm", "action_flag": 3, "change_message": ""}}, {"model": "admin.logentry", "pk": 137, "fields": {"action_time": "2023-09-28T11:45:46.527Z", "user": 1, "content_type": 2, "object_id": "31", "object_repr": "Wally@cs.unza.zm", "action_flag": 3, "change_message": ""}}, {"model": "admin.logentry", "pk": 138, "fields": {"action_time": "2023-09-28T11:45:46.573Z", "user": 1, "content_type": 2, "object_id": "30", "object_repr": "Kelvin@cs.unza.zm", "action_flag": 3, "change_message": ""}}, {"model": "admin.logentry", "pk": 139, "fields": {"action_time": "2023-09-28T11:45:46.616Z", "user": 1, "content_type": 2, "object_id": "29", "object_repr": "Spider@cs.unza.zm", "action_flag": 3, "change_message": ""}}, {"model": "admin.logentry", "pk": 140, "fields": {"action_time": "2023-09-28T11:45:46.653Z", "user": 1, "content_type": 2, "object_id": "28", "object_repr": "Boa@cs.unza.zm", "action_flag": 3, "change_message": ""}}, {"model": "admin.logentry", "pk": 141, "fields": {"action_time": "2023-09-28T11:45:46.691Z", "user": 1, "content_type": 2, "object_id": "27", "object_repr": "Python@cs.unza.zm", "action_flag": 3, "change_message": ""}}, {"model": "admin.logentry", "pk": 142, "fields": {"action_time": "2023-09-28T11:45:46.726Z", "user": 1, "content_type": 2, "object_id": "26", "object_repr": "Anaconda@cs.unza.zm", "action_flag": 3, "change_message": ""}}, {"model": "admin.logentry", "pk": 143, "fields": {"action_time": "2023-09-28T11:45:46.762Z", "user": 1, "content_type": 2, "object_id": "25", "object_repr": "mika@cs.unza.zm", "action_flag": 3, "change_message": ""}}, {"model": "admin.logentry", "pk": 144, "fields": {"action_time": "2023-09-28T11:45:46.802Z", "user": 1, "content_type": 2, "object_id": "24", "object_repr": "Nike@cs.unza.zm", "action_flag": 3, "change_message": ""}}, {"model": "admin.logentry", "pk": 145, "fields": {"action_time": "2023-09-28T11:45:46.844Z", "user": 1, "content_type": 2, "object_id": "23", "object_repr": "Nate@cs.unza.zm", "action_flag": 3, "change_message": ""}}, {"model": "admin.logentry", "pk": 146, "fields": {"action_time": "2023-09-28T11:45:46.878Z", "user": 1, "content_type": 2, "object_id": "22", "object_repr": "Macro@cs.unza.zm", "action_flag": 3, "change_message": ""}}, {"model": "admin.logentry", "pk": 147, "fields": {"action_time": "2023-09-28T11:45:46.923Z", "user": 1, "content_type": 2, "object_id": "21", "object_repr": "Poke@cs.unza.zm", "action_flag": 3, "change_message": ""}}, {"model": "admin.logentry", "pk": 148, "fields": {"action_time": "2023-09-28T11:45:46.964Z", "user": 1, "content_type": 2, "object_id": "20", "object_repr": "Duke@ps.co.zm", "action_flag": 3, "change_message": ""}}, {"model": "admin.logentry", "pk": 149, "fields": {"action_time": "2023-09-28T11:45:46.993Z", "user": 1, "content_type": 2, "object_id": "6", "object_repr": "mweene.mweemba@cs.unza.zm", "action_flag": 3, "change_message": ""}}, {"model": "admin.logentry", "pk": 150, "fields": {"action_time": "2023-09-28T11:45:47.040Z", "user": 1, "content_type": 2, "object_id": "5", "object_repr": "John@cs.unza.zm", "action_flag": 3, "change_message": ""}}, {"model": "admin.logentry", "pk": 151, "fields": {"action_time": "2023-09-28T11:45:47.076Z", "user": 1, "content_type": 2, "object_id": "4", "object_repr": "Drake@cs.unza.zm", "action_flag": 3, "change_message": ""}}, {"model": "admin.logentry", "pk": 152, "fields": {"action_time": "2023-09-28T11:45:47.115Z", "user": 1, "content_type": 2, "object_id": "3", "object_repr": "test@cs.unza.zm", "action_flag": 3, "change_message": ""}}, {"model": "admin.logentry", "pk": 153, "fields": {"action_time": "2023-09-28T11:45:47.162Z", "user": 1, "content_type": 2, "object_id": "2", "object_repr": "Jeff@cs.unza.zm", "action_flag": 3, "change_message": ""}}, {"model": "auth.permission", "pk": 1, "fields": {"name": "Can add question", "content_type": 1, "codename": "add_question"}}, {"model": "auth.permission", "pk": 2, "fields": {"name": "Can change question", "content_type": 1, "codename": "change_question"}}, {"model": "auth.permission", "pk": 3, "fields": {"name": "Can delete question", "content_type": 1, "codename": "delete_question"}}, {"model": "auth.permission", "pk": 4, "fields": {"name": "Can view question", "content_type": 1, "codename": "view_question"}}, {"model": "auth.permission", "pk": 5, "fields": {"name": "Can add account", "content_type": 2, "codename": "add_account"}}, {"model": "auth.permission", "pk": 6, "fields": {"name": "Can change account", "content_type": 2, "codename": "change_account"}}, {"model": "auth.permission", "pk": 7, "fields": {"name": "Can delete account", "content_type": 2, "codename": "delete_account"}}, {"model": "auth.permission", "pk": 8, "fields": {"name": "Can view account", "content_type": 2, "codename": "view_account"}}, {"model": "auth.permission", "pk": 9, "fields": {"name": "Can add log entry", "content_type": 3, "codename": "add_logentry"}}, {"model": "auth.permission", "pk": 10, "fields": {"name": "Can change log entry", "content_type": 3, "codename": "change_logentry"}}, {"model": "auth.permission", "pk": 11, "fields": {"name": "Can delete log entry", "content_type": 3, "codename": "delete_logentry"}}, {"model": "auth.permission", "pk": 12, "fields": {"name": "Can view log entry", "content_type": 3, "codename": "view_logentry"}}, {"model": "auth.permission", "pk": 13, "fields": {"name": "Can add permission", "content_type": 4, "codename": "add_permission"}}, {"model": "auth.permission", "pk": 14, "fields": {"name": "Can change permission", "content_type": 4, "codename": "change_permission"}}, {"model": "auth.permission", "pk": 15, "fields": {"name": "Can delete permission", "content_type": 4, "codename": "delete_permission"}}, {"model": "auth.permission", "pk": 16, "fields": {"name": "Can view permission", "content_type": 4, "codename": "view_permission"}}, {"model": "auth.permission", "pk": 17, "fields": {"name": "Can add group", "content_type": 5, "codename": "add_group"}}, {"model": "auth.permission", "pk": 18, "fields": {"name": "Can change group", "content_type": 5, "codename": "change_group"}}, {"model": "auth.permission", "pk": 19, "fields": {"name": "Can delete group", "content_type": 5, "codename": "delete_group"}}, {"model": "auth.permission", "pk": 20, "fields": {"name": "Can view group", "content_type": 5, "codename": "view_group"}}, {"model": "auth.permission", "pk": 21, "fields": {"name": "Can add content type", "content_type": 6, "codename": "add_contenttype"}}, {"model": "auth.permission", "pk": 22, "fields": {"name": "Can change content type", "content_type": 6, "codename": "change_contenttype"}}, {"model": "auth.permission", "pk": 23, "fields": {"name": "Can delete content type", "content_type": 6, "codename": "delete_contenttype"}}, {"model": "auth.permission", "pk": 24, "fields": {"name": "Can view content type", "content_type": 6, "codename": "view_contenttype"}}, {"model": "auth.permission", "pk": 25, "fields": {"name": "Can add session", "content_type": 7, "codename": "add_session"}}, {"model": "auth.permission", "pk": 26, "fields": {"name": "Can change session", "content_type": 7, "codename": "change_session"}}, {"model": "auth.permission", "pk": 27, "fields": {"name": "Can delete session", "content_type": 7, "codename": "delete_session"}}, {"model": "auth.permission", "pk": 28, "fields": {"name": "Can view session", "content_type": 7, "codename": "view_session"}}, {"model": "auth.permission", "pk": 29, "fields": {"name": "Can add Vehicle", "content_type": 8, "codename": "add_vehicle"}}, {"model": "auth.permission", "pk": 30, "fields": {"name": "Can change Vehicle", "content_type": 8, "codename": "change_vehicle"}}, {"model": "auth.permission", "pk": 31, "fields": {"name": "Can delete Vehicle", "content_type": 8, "codename": "delete_vehicle"}}, {"model": "auth.permission", "pk": 32, "fields": {"name": "Can view Vehicle", "content_type": 8, "codename": "view_vehicle"}}, {"model": "auth.permission", "pk": 33, "fields": {"name": "Can add biometric data", "content_type": 9, "codename": "add_biometricdata"}}, {"model": "auth.permission", "pk": 34, "fields": {"name": "Can change biometric data", "content_type": 9, "codename": "change_biometricdata"}}, {"model": "auth.permission", "pk": 35, "fields": {"name": "Can delete biometric data", "content_type": 9, "codename": "delete_biometricdata"}}, {"model": "auth.permission", "pk": 36, "fields": {"name": "Can view biometric data", "content_type": 9, "codename": "view_biometricdata"}}, {"model": "auth.permission", "pk": 37, "fields": {"name": "Can add Vehicle", "content_type": 8, "codename": "add_vehicleinformation"}}, {"model": "auth.permission", "pk": 38, "fields": {"name": "Can change Vehicle", "content_type": 8, "codename": "change_vehicleinformation"}}, {"model": "auth.permission", "pk": 39, "fields": {"name": "Can delete Vehicle", "content_type": 8, "codename": "delete_vehicleinformation"}}, {"model": "auth.permission", "pk": 40, "fields": {"name": "Can view Vehicle", "content_type": 8, "codename": "view_vehicleinformation"}}, {"model": "auth.permission", "pk": 41, "fields": {"name": "Can add Member", "content_type": 10, "codename": "add_member"}}, {"model": "auth.permission", "pk": 42, "fields": {"name": "Can change Member", "content_type": 10, "codename": "change_member"}}, {"model": "auth.permission", "pk": 43, "fields": {"name": "Can delete Member", "content_type": 10, "codename": "delete_member"}}, {"model": "auth.permission", "pk": 44, "fields": {"name": "Can view Member", "content_type": 10, "codename": "view_member"}}, {"model": "contenttypes.contenttype", "pk": 1, "fields": {"app_label": "personal", "model": "question"}}, {"model": "contenttypes.contenttype", "pk": 2, "fields": {"app_label": "account", "model": "account"}}, {"model": "contenttypes.contenttype", "pk": 3, "fields": {"app_label": "admin", "model": "logentry"}}, {"model": "contenttypes.contenttype", "pk": 4, "fields": {"app_label": "auth", "model": "permission"}}, {"model": "contenttypes.contenttype", "pk": 5, "fields": {"app_label": "auth", "model": "group"}}, {"model": "contenttypes.contenttype", "pk": 6, "fields": {"app_label": "contenttypes", "model": "contenttype"}}, {"model": "contenttypes.contenttype", "pk": 7, "fields": {"app_label": "sessions", "model": "session"}}, {"model": "contenttypes.contenttype", "pk": 8, "fields": {"app_label": "account", "model": "vehicleinformation"}}, {"model": "contenttypes.contenttype", "pk": 9, "fields": {"app_label": "account", "model": "biometricdata"}}, {"model": "contenttypes.contenttype", "pk": 10, "fields": {"app_label": "account", "model": "member"}}, {"model": "sessions.session", "pk": "0i4tehwx5qxtw42q22es3898b6hqvn5b", "fields": {"session_data": ".eJxVjEEOwiAQAP_C2RCQwhaP3n0DWXZBqgaS0p6MfzckPeh1ZjJvEXDfSth7WsPC4iK0OP2yiPRMdQh-YL03Sa1u6xLlSORhu7w1Tq_r0f4NCvYytqTJRasVRDLZZm9YRZgckIYze8VZKZ4cA_mZHAEb8JjBa5tpxhzF5wviZzg_:1qSEU5:tviLn78-HQu1r0WM8vYN648ToaWNGg155UYXCGaSVS0", "expire_date": "2023-08-19T10:26:09.675Z"}}, {"model": "sessions.session", "pk": "1ycc7830nn2ifrojwz3742jhljfp0z1k", "fields": {"session_data": "e30:1qk364:-VCLFrYHLooeaDKE1MpA6kyPt6QF2bse4se3rRmeXK0", "expire_date": "2023-10-07T13:55:00.203Z"}}, {"model": "sessions.session", "pk": "e93ng7rhofxthh6dhzqdeujetqcmk0k2", "fields": {"session_data": ".eJxVjEEOwiAQAP_C2RCQwhaP3n0DWXZBqgaS0p6MfzckPeh1ZjJvEXDfSth7WsPC4iK0OP2yiPRMdQh-YL03Sa1u6xLlSORhu7w1Tq_r0f4NCvYytqTJRasVRDLZZm9YRZgckIYze8VZKZ4cA_mZHAEb8JjBa5tpxhzF5wviZzg_:1qTGPU:1s-N-vBfketTRnMocafuJGmvWTnTZ2vrC59n7fNRLAQ", "expire_date": "2023-08-22T06:41:40.773Z"}}, {"model": "sessions.session", "pk": "khdlq1k0f346smknwdtva5b75ipg65cu", "fields": {"session_data": "e30:1qk3Il:hO2Um0B8dNBEenBhL3lerk72WuruQK0xt2W-sCU01RI", "expire_date": "2023-10-07T14:08:07.815Z"}}, {"model": "sessions.session", "pk": "lwtna4ftms74zyla1l8xik47imen71w9", "fields": {"session_data": ".eJxVjEEOwiAQRe_C2hCgMAwu3XuGZgqDVA0kpV0Z765NutDtf-_9lxhpW8u4dV7GOYmz0OL0u00UH1x3kO5Ub03GVtdlnuSuyIN2eW2Jn5fD_Tso1Mu3RpeRlc4BGTIOgNE5IBeVTsqw9QoDgGW0ir0NmE3QmPwECIRgaBDvD8GdNrU:1qiqLe:TyX8VjpAwbCw7BqPHeDVpVIF43nvhoQEjKMAud550uo", "expire_date": "2023-10-04T06:06:06.994Z"}}, {"model": "sessions.session", "pk": "tl8ercbm2mf3ziossba1tbmvgrvbre2b", "fields": {"session_data": ".eJxVzDsOwjAQBNC7uEaW40_WoaTPGaxdf3AA2VKcVIi740gpoJ15M2_mcN-y21tc3RLYlY3ALr8hoX_GcjThgeVeua9lWxfiB-Fn2_hcQ3zdTvt3kLHlvp7GQUupSCQjFOjBgPYB_ASEAYUA9Igq2mQBkgertUokOxWdElnDPl_vFjdy:1qkwSN:GsvlKOIgSvkUhf3gINBRF7ddIj8JM7gFEl1Csdi9gpY", "expire_date": "2023-10-10T01:01:43.021Z"}}, {"model": "sessions.session", "pk": "zj3ltbqkd2zl2mmkyfpbi8jnet5jyir1", "fields": {"session_data": ".eJxVjEEOwiAQRe_C2hCgMAwu3XuGZgqDVA0kpV0Z765NutDtf-_9lxhpW8u4dV7GOYmz0OL0u00UH1x3kO5Ub03GVtdlnuSuyIN2eW2Jn5fD_Tso1Mu3RpeRlc4BGTIOgNE5IBeVTsqw9QoDgGW0ir0NmE3QmPwECIRgaBDvD8GdNrU:1qlXIs:fCj0ek9P6RgO1rVlrgH8fPfeEoknm4nHZ0WaYGWW9PY", "expire_date": "2023-10-11T16:22:22.380Z"}}]