[{"model": "account.account", "pk": 1, "fields": {"password": "pbkdf2_sha256$260000$b37OKfC3snFYjP5dZXUBXR$DVqrQwdSveK4D8FarAnAvwBsfWig6vxt2y05m94e0i0=", "email": "Max@cs.unza.zm", "username": "Mat", "date_joined": "2023-07-12T17:19:36.786Z", "last_login": "2023-09-24T08:20:37.139Z", "is_admin": true, "is_active": true, "is_staff": true, "is_superuser": true}}, {"model": "account.account", "pk": 2, "fields": {"password": "Password1234", "email": "Jeff@cs.unza.zm", "username": "Jeff", "date_joined": "2023-07-12T18:45:59.345Z", "last_login": "2023-07-12T18:45:59.345Z", "is_admin": false, "is_active": true, "is_staff": false, "is_superuser": false}}, {"model": "account.account", "pk": 3, "fields": {"password": "pbkdf2_sha256$600000$4jtuTzkirVA1HeoNgn2Suc$WwZLHmIrg/7Pe5QhUMi00S/bUFHZIIkdL82cZ5t5RoI=", "email": "test@cs.unza.zm", "username": "test", "date_joined": "2023-07-13T17:40:10.925Z", "last_login": "2023-07-13T17:40:11.162Z", "is_admin": false, "is_active": true, "is_staff": false, "is_superuser": false}}, {"model": "account.account", "pk": 4, "fields": {"password": "pbkdf2_sha256$600000$JnymYjhFztSNEfAHIDWLvZ$0Uytip+1qkggJx4nfCZwHvOsc2OWJ0XHq1p+S7Jz/BY=", "email": "Drake@cs.unza.zm", "username": "Drake", "date_joined": "2023-07-13T17:46:41.616Z", "last_login": "2023-07-13T17:46:41.858Z", "is_admin": false, "is_active": true, "is_staff": false, "is_superuser": false}}, {"model": "account.account", "pk": 5, "fields": {"password": "pbkdf2_sha256$600000$xfL5RpSItAPptb89KY48Px$ARa5jqMicMA2/APZbD2suodTmJ51tom9wf5jwlldtVQ=", "email": "John@cs.unza.zm", "username": "John", "date_joined": "2023-07-14T09:07:35.225Z", "last_login": "2023-07-14T09:07:35.472Z", "is_admin": false, "is_active": true, "is_staff": false, "is_superuser": false}}, {"model": "account.account", "pk": 6, "fields": {"password": "pbkdf2_sha256$600000$zYBLv9vy6inne5oNZExQAE$qkbNrs3OcCwZ5JsbTHvBDP4bUBZkeGYq7yDvGkGmhvQ=", "email": "mweene.mweemba@cs.unza.zm", "username": "mweenemweemba", "date_joined": "2023-07-17T06:02:19.381Z", "last_login": "2023-07-17T06:02:19.618Z", "is_admin": false, "is_active": true, "is_staff": false, "is_superuser": false}}, {"model": "account.account", "pk": 20, "fields": {"password": "pbkdf2_sha256$600000$hAasc1LlYGHAJwOwVCoGlP$maa2xnNoh14UXK/fxNPD0zIi4uWAzhX13BdD5qFY4/I=", "email": "Duke@ps.co.zm", "username": "Duke", "date_joined": "2023-08-31T11:27:12.554Z", "last_login": "2023-08-31T11:27:12.913Z", "is_admin": false, "is_active": true, "is_staff": false, "is_superuser": false}}, {"model": "account.account", "pk": 21, "fields": {"password": "pbkdf2_sha256$600000$LEIsE6MdB1sXymmGNs9lqY$dSlPW7+5pwiJZqCFjzzL4Iov23+qFRGb0xQ1k70aZHY=", "email": "Poke@cs.unza.zm", "username": "Peter", "date_joined": "2023-09-02T12:39:49.088Z", "last_login": "2023-09-02T12:39:49.341Z", "is_admin": false, "is_active": true, "is_staff": false, "is_superuser": false}}, {"model": "account.account", "pk": 22, "fields": {"password": "pbkdf2_sha256$600000$DWfZTQ4FKWZqDywAJ2ZkpQ$QT93VGW5dW0mBqoJlxWS6FwEj5FSKLVu6gWGGlf1ve0=", "email": "Macro@cs.unza.zm", "username": "Macronelli", "date_joined": "2023-09-10T11:51:04.691Z", "last_login": "2023-09-10T11:51:05.170Z", "is_admin": false, "is_active": true, "is_staff": false, "is_superuser": false}}, {"model": "account.account", "pk": 23, "fields": {"password": "pbkdf2_sha256$600000$CIThjMCVN0poEcVV3WkjUQ$gfT6WSdC+zpf7am4/YLlUJQvxKbANoZLxAjdKpV6Hqc=", "email": "Nate@cs.unza.zm", "username": "Nate101", "date_joined": "2023-09-10T12:13:16.300Z", "last_login": "2023-09-10T12:13:16.789Z", "is_admin": false, "is_active": true, "is_staff": false, "is_superuser": false}}, {"model": "account.account", "pk": 24, "fields": {"password": "pbkdf2_sha256$600000$duKXIum9AxvFJvUnYvJStY$KPL3KU6iATuLKvOF59htDWEWEQBjULAHLO4Ul4lN+x8=", "email": "Nike@cs.unza.zm", "username": "Nike1234", "date_joined": "2023-09-10T12:16:33.016Z", "last_login": "2023-09-10T12:16:33.521Z", "is_admin": false, "is_active": true, "is_staff": false, "is_superuser": false}}, {"model": "account.account", "pk": 25, "fields": {"password": "pbkdf2_sha256$260000$d0kK0xyyVSj8CW3oesMcxB$IWP9c4Ger3R5VFf+XJ0/uCDyBashnKPJCgZX8naWSsg=", "email": "mika@cs.unza.zm", "username": "mika", "date_joined": "2023-09-13T13:22:35.211Z", "last_login": "2023-09-13T13:22:35.334Z", "is_admin": false, "is_active": true, "is_staff": false, "is_superuser": false}}, {"model": "account.account", "pk": 26, "fields": {"password": "pbkdf2_sha256$260000$4LychjtBXpGFkLpJCvwbrW$Z305wKly+9KsTQ/2HFZ2BVYvbfv7+PP0Rb4T0iC9wCU=", "email": "Anaconda@cs.unza.zm", "username": "Conda", "date_joined": "2023-09-13T15:44:22.602Z", "last_login": "2023-09-13T15:44:22.876Z", "is_admin": false, "is_active": true, "is_staff": false, "is_superuser": false}}, {"model": "account.account", "pk": 27, "fields": {"password": "pbkdf2_sha256$260000$WBFPyYJGypiscPSZ6ySlw4$IxjG5MwSfuVLi6QnbiNnfoyzZFViGEmkZhDNNIRRTRE=", "email": "Python@cs.unza.zm", "username": "Python", "date_joined": "2023-09-13T21:48:55.111Z", "last_login": "2023-09-13T21:48:55.243Z", "is_admin": false, "is_active": true, "is_staff": false, "is_superuser": false}}, {"model": "account.account", "pk": 28, "fields": {"password": "pbkdf2_sha256$260000$2CnGnj4gqXzJqirEzPjJa6$cDEkMg4wFWJazdR0xV5ImhqRlasbsthoyJm69VmykEg=", "email": "Boa@cs.unza.zm", "username": "Bolton", "date_joined": "2023-09-14T11:12:02.115Z", "last_login": "2023-09-14T11:12:02.373Z", "is_admin": false, "is_active": true, "is_staff": false, "is_superuser": false}}, {"model": "account.account", "pk": 29, "fields": {"password": "pbkdf2_sha256$260000$hZsIjt2I8HhPrUJ2KJJVfj$aVHDaJmo9vkEajgt4StnFaRDdfajs24vJrVUwetHWDk=", "email": "Spider@cs.unza.zm", "username": "Spidey", "date_joined": "2023-09-14T11:49:59.055Z", "last_login": "2023-09-14T11:49:59.300Z", "is_admin": false, "is_active": true, "is_staff": false, "is_superuser": false}}, {"model": "account.account", "pk": 30, "fields": {"password": "pbkdf2_sha256$260000$lSm5YafPxp1L4cbjmmR97S$Tdq6bIrI7B4amyYI9D09TM5hWQkRVLU62GLYaaUIWlY=", "email": "Kelvin@cs.unza.zm", "username": "Kelvin", "date_joined": "2023-09-14T13:52:16.328Z", "last_login": "2023-09-14T13:52:16.633Z", "is_admin": false, "is_active": true, "is_staff": false, "is_superuser": false}}, {"model": "account.account", "pk": 31, "fields": {"password": "pbkdf2_sha256$260000$doUvkRLffouoimw4dAsaOP$Zp1QuvJyuOe/Hw9pSnjdQGpBIy1jGhmaMKsyqIy6MVU=", "email": "Wally@cs.unza.zm", "username": "Wally", "date_joined": "2023-09-14T14:33:46.051Z", "last_login": "2023-09-14T14:33:46.337Z", "is_admin": false, "is_active": true, "is_staff": false, "is_superuser": false}}, {"model": "account.account", "pk": 32, "fields": {"password": "pbkdf2_sha256$260000$QYoopY2sVp9H0RdxojHJvz$3ln5lv9L1FHYnXh3Z40XLu+ZhzxLpyp850iIzEPcW3Y=", "email": "Bree@cs.unza.zm", "username": "Bree", "date_joined": "2023-09-14T23:44:45.707Z", "last_login": "2023-09-14T23:44:45.842Z", "is_admin": false, "is_active": true, "is_staff": false, "is_superuser": false}}, {"model": "account.account", "pk": 33, "fields": {"password": "pbkdf2_sha256$260000$gnizedL8LH1nDWqNvsp8I4$o7UpagA910P9gfnQMIkQZKMlY3iOsbGV5Xe10W+LPLQ=", "email": "Justin@cs.unza.zm", "username": "JustinKey", "date_joined": "2023-09-15T02:48:57.224Z", "last_login": "2023-09-15T02:48:57.354Z", "is_admin": false, "is_active": true, "is_staff": false, "is_superuser": false}}, {"model": "account.account", "pk": 34, "fields": {"password": "pbkdf2_sha256$260000$8R5autZlDdhomDCwXvlW9f$SM739rsSzdVn57Wdx6HKoXJSo8b2mfs9QIIuL9xdLfw=", "email": "Jade@cs.unza.zm", "username": "Jadecade", "date_joined": "2023-09-15T03:35:49.234Z", "last_login": "2023-09-15T03:35:49.364Z", "is_admin": false, "is_active": true, "is_staff": false, "is_superuser": false}}, {"model": "account.account", "pk": 35, "fields": {"password": "pbkdf2_sha256$260000$IazansJJPys3YOCLPUYKym$aBl1MReKiBH7SOqvK9XVabM7aey0zcJ+bdSBYOKndXs=", "email": "Alec@cs.unza.zm", "username": "Alec", "date_joined": "2023-09-15T08:44:03.199Z", "last_login": "2023-09-15T08:44:03.477Z", "is_admin": false, "is_active": true, "is_staff": false, "is_superuser": false}}, {"model": "account.account", "pk": 44, "fields": {"password": "pbkdf2_sha256$260000$XcwDsGFuUkND951KxV6S26$d4bv+ylVSdOdkSGUtY+LsaAQWo8edIBPPJxlHZ4TPOg=", "email": "Charles@cs.unza.zm", "username": "Charles", "date_joined": "2023-09-21T05:54:41.378Z", "last_login": "2023-09-21T05:54:41.497Z", "is_admin": false, "is_active": true, "is_staff": false, "is_superuser": false}}, {"model": "account.account", "pk": 45, "fields": {"password": "pbkdf2_sha256$260000$Wf25g6iahFyQb3GyQmOipR$Uhf4By8PARvAkmepIpiEz5hLoz6f8+DF5NyXqtWUyjo=", "email": "Hello@cs.unza.zm", "username": "Hello", "date_joined": "2023-09-21T06:36:46.820Z", "last_login": "2023-09-21T06:36:47.057Z", "is_admin": false, "is_active": true, "is_staff": false, "is_superuser": false}}, {"model": "account.account", "pk": 46, "fields": {"password": "pbkdf2_sha256$260000$cURl9RhAchUeBfQGtbOzob$K1BnNuo/JxrVechTwJoRXVTydK+RcvShj/CvlayBnaI=", "email": "Walter@cs.unza.zm", "username": "Walter", "date_joined": "2023-09-21T07:32:24.661Z", "last_login": "2023-09-21T07:32:24.898Z", "is_admin": false, "is_active": true, "is_staff": false, "is_superuser": false}}, {"model": "account.account", "pk": 47, "fields": {"password": "pbkdf2_sha256$260000$JbzgdavlCgRTyrHoNpWEIb$nvxGwabvhEhRRSO1K87iiw/hzL/T1SOlk15LvdxMLls=", "email": "Charlie@CD.tiza.zm", "username": "Charlie", "date_joined": "2023-09-23T13:55:00.027Z", "last_login": "2023-09-23T13:55:00.241Z", "is_admin": false, "is_active": true, "is_staff": false, "is_superuser": false}}, {"model": "account.account", "pk": 48, "fields": {"password": "pbkdf2_sha256$260000$jYNO3hJskoaDiAPTwNcCvA$dCnY3RdeEfNUqT2+xubiMtmWOUi03JHWsAyxRG/kPds=", "email": "Chart@cs.unza.zm", "username": "chartTo", "date_joined": "2023-09-23T14:08:07.601Z", "last_login": "2023-09-23T14:08:07.828Z", "is_admin": false, "is_active": true, "is_staff": false, "is_superuser": false}}, {"model": "account.account", "pk": 49, "fields": {"password": "pbkdf2_sha256$260000$1YFJujpNApmMxuTv77N4St$AazKEaKC3HVCq9ZXuZ5x7fT4Qot6J2o4IPZwy/4c0Cs=", "email": "Karl@cs.unz.zm", "username": "Karl", "date_joined": "2023-09-23T14:16:22.273Z", "last_login": "2023-09-23T14:16:22.494Z", "is_admin": false, "is_active": true, "is_staff": false, "is_superuser": false}}, {"model": "account.account", "pk": 50, "fields": {"password": "pbkdf2_sha256$260000$4yQrd7ocQcdG5lsYS0pXfV$KpRmmpOSJZkcyJgxIVBgYHhI+Z5eRTcWyuIqfvyNTl8=", "email": "Purity@cs.unza.zm", "username": "Purity", "date_joined": "2023-09-23T14:30:48.430Z", "last_login": "2023-09-23T14:30:48.677Z", "is_admin": false, "is_active": true, "is_staff": false, "is_superuser": false}}, {"model": "account.account", "pk": 51, "fields": {"password": "pbkdf2_sha256$260000$IaYCGSA6sbUfkOrwgVcX7K$c5ks5G1SejY0pVwsNsWmykNOEBYrkWUy2JIzlmogOA4=", "email": "Pest@cs.unza.zm", "username": "pestptost", "date_joined": "2023-09-23T14:35:58.605Z", "last_login": "2023-09-23T14:35:58.842Z", "is_admin": false, "is_active": true, "is_staff": false, "is_superuser": false}}, {"model": "account.account", "pk": 52, "fields": {"password": "pbkdf2_sha256$260000$9s1qNvrdILszWJgNByHysc$Yc1LA6D+MzL+x9X4z649caEf7OoX32+NulzK6YIB1Os=", "email": "Rain@cs.unza.zm", "username": "Rainword", "date_joined": "2023-09-23T14:56:43.784Z", "last_login": "2023-09-23T14:56:44.016Z", "is_admin": false, "is_active": true, "is_staff": false, "is_superuser": false}}, {"model": "account.account", "pk": 53, "fields": {"password": "pbkdf2_sha256$260000$mRfT2S5fuQdQxv9pDBUQ5m$rPNBK9XsJIckloU3oWEO6F8CUPws5KiisbC5+15eCEY=", "email": "Cody@cs.mzre.zm", "username": "codysimp", "date_joined": "2023-09-23T15:04:05.194Z", "last_login": "2023-09-23T15:04:05.435Z", "is_admin": false, "is_active": true, "is_staff": false, "is_superuser": false}}, {"model": "account.account", "pk": 54, "fields": {"password": "pbkdf2_sha256$260000$Or7UfUWU2JxqqXk9ZxI3XS$CxQ0vUPnv86kCtYOqRTDLm4uHbD7oIRXcCMhZn3TIy4=", "email": "Zack@cs.unza.zm", "username": "Zack", "date_joined": "2023-09-23T15:11:09.389Z", "last_login": "2023-09-23T15:11:09.618Z", "is_admin": false, "is_active": true, "is_staff": false, "is_superuser": false}}, {"model": "account.account", "pk": 55, "fields": {"password": "pbkdf2_sha256$260000$zQLuMgf6zVNxQlzzyX8Xnc$AEIClbCYF3hrqW9hV1ojreMYv+Wuh8ThZfeYC7Vy08A=", "email": "Tony@cs.unza.zm", "username": "Tony", "date_joined": "2023-09-24T04:35:37.619Z", "last_login": "2023-09-24T04:35:37.752Z", "is_admin": false, "is_active": true, "is_staff": false, "is_superuser": false}}, {"model": "account.account", "pk": 56, "fields": {"password": "pbkdf2_sha256$260000$H9GYmcsKacuurSDcu0JBsw$HXSDb81wOKIzvAs2PKU6SpvSX+VYOwqs8x106AKq6Nc=", "email": "Rody@mwety.zm", "username": "Rody", "date_joined": "2023-09-24T04:43:18.315Z", "last_login": "2023-09-24T04:43:18.558Z", "is_admin": false, "is_active": true, "is_staff": false, "is_superuser": false}}, {"model": "account.account", "pk": 57, "fields": {"password": "pbkdf2_sha256$260000$vYJ4NjZ5DitrLZ5Q6v3sSe$f+D8h1Fqur0vTrZrqBrjhPzcbv0bOyA7tTefRu1siuI=", "email": "Register@cs.unza.zm", "username": "Register", "date_joined": "2023-09-24T04:55:20.727Z", "last_login": "2023-09-24T04:55:20.969Z", "is_admin": false, "is_active": true, "is_staff": false, "is_superuser": false}}, {"model": "account.account", "pk": 58, "fields": {"password": "pbkdf2_sha256$260000$J4k4FjEcpNY1pKNMvgN7li$zB65m4JBG2ocTd7VjfcRYus8jNpOrx+Jo0jLMglRQUo=", "email": "Saul@cs.unza.com", "username": "Saul", "date_joined": "2023-09-24T05:49:58.571Z", "last_login": "2023-09-24T05:49:58.824Z", "is_admin": false, "is_active": true, "is_staff": false, "is_superuser": false}}, {"model": "account.account", "pk": 59, "fields": {"password": "pbkdf2_sha256$260000$lgOPpnpPZN5gCaZnOgq51X$VGSu3ViqYdSBI6rNeg+z6apkYdUw4YJXpVg9FT/DIxc=", "email": "Sean@cs.unza.zm", "username": "Sean", "date_joined": "2023-09-24T06:08:07.329Z", "last_login": "2023-09-24T06:08:07.572Z", "is_admin": false, "is_active": true, "is_staff": false, "is_superuser": false}}, {"model": "account.account", "pk": 60, "fields": {"password": "pbkdf2_sha256$260000$j2BPHQR2UmviPxZ91Ojt3l$jELjYTnjUSUcSFpb/uBulp4LLgZNqTfPLNsxa49EF7c=", "email": "Dan@cs.unza.zm", "username": "Dan", "date_joined": "2023-09-24T06:14:52.021Z", "last_login": "2023-09-24T06:14:52.263Z", "is_admin": false, "is_active": true, "is_staff": false, "is_superuser": false}}, {"model": "account.account", "pk": 61, "fields": {"password": "pbkdf2_sha256$260000$gENQpzXHoIhXNVmI91F3Nl$F0WsvhO7krlu7hfmzMO9cdOS+NWdq1YlK1TJb/XoRfI=", "email": "Runo@mweza.zm", "username": "Runo", "date_joined": "2023-09-24T06:43:35.747Z", "last_login": "2023-09-24T06:43:35.995Z", "is_admin": false, "is_active": true, "is_staff": false, "is_superuser": false}}, {"model": "account.account", "pk": 62, "fields": {"password": "pbkdf2_sha256$260000$K4iodxh6y2d6jQcgX2SDXa$UZ5Ac9OLUlBOzCFuuhtCmMXKEJAX6ETaF/OxMT5rFKg=", "email": "leena@cs.unza.zm", "username": "leena", "date_joined": "2023-09-24T06:50:49.747Z", "last_login": "2023-09-24T06:50:50.002Z", "is_admin": false, "is_active": true, "is_staff": false, "is_superuser": false}}, {"model": "account.account", "pk": 63, "fields": {"password": "pbkdf2_sha256$260000$NNEBuVMgWRJDcJtGzPvNaF$vAgegFbouvnbs2/q3KgcIetf1Wy3PmCH+x9Q+mLgwWA=", "email": "Marcus@cs.muto.mk", "username": "Marcus", "date_joined": "2023-09-24T07:25:43.489Z", "last_login": "2023-09-24T07:25:43.751Z", "is_admin": false, "is_active": true, "is_staff": false, "is_superuser": false}}, {"model": "account.account", "pk": 64, "fields": {"password": "pbkdf2_sha256$260000$4cMg0MGzfZlumjyFGX1oyT$TD6/fHD4fCQQCI41I2MtdOuiMzildVj2bHBszKhpLMg=", "email": "Dream@cfutca.zm", "username": "Dream", "date_joined": "2023-09-24T07:28:32.950Z", "last_login": "2023-09-24T07:28:33.190Z", "is_admin": false, "is_active": true, "is_staff": false, "is_superuser": false}}, {"model": "account.member", "pk": 1, "fields": {"first_name": "Runo", "last_name": "Brase", "account": 61, "phone_number": "09876544", "registration_date": "2023-09-24"}}, {"model": "account.member", "pk": 2, "fields": {"first_name": "Leena", "last_name": "Isis", "account": 62, "phone_number": "0988746446", "registration_date": "2023-09-24"}}, {"model": "account.member", "pk": 3, "fields": {"first_name": "Marcus", "last_name": "Davem", "account": 63, "phone_number": "098483373", "registration_date": "2023-09-24"}}, {"model": "account.member", "pk": 4, "fields": {"first_name": "Dream", "last_name": "Job", "account": 64, "phone_number": "093737393", "registration_date": "2023-09-24"}}, {"model": "admin.logentry", "pk": 1, "fields": {"action_time": "2023-07-12T18:45:59.347Z", "user": 1, "content_type": 2, "object_id": "2", "object_repr": "Jeff@cs.unza.zm", "action_flag": 1, "change_message": "[{\"added\": {}}]"}}, {"model": "admin.logentry", "pk": 2, "fields": {"action_time": "2023-08-24T08:43:46.322Z", "user": 1, "content_type": 2, "object_id": "19", "object_repr": "micro@cs.unza.zm", "action_flag": 1, "change_message": "[{\"added\": {}}]"}}, {"model": "admin.logentry", "pk": 3, "fields": {"action_time": "2023-08-24T08:45:44.160Z", "user": 1, "content_type": 2, "object_id": "19", "object_repr": "micro@cs.unza.zm", "action_flag": 3, "change_message": ""}}, {"model": "admin.logentry", "pk": 4, "fields": {"action_time": "2023-08-24T08:46:33.232Z", "user": 1, "content_type": 2, "object_id": "18", "object_repr": "jen@mt.tuza.mt", "action_flag": 3, "change_message": ""}}, {"model": "admin.logentry", "pk": 5, "fields": {"action_time": "2023-08-24T08:46:33.275Z", "user": 1, "content_type": 2, "object_id": "17", "object_repr": "monkey@cs.unza.zm", "action_flag": 3, "change_message": ""}}, {"model": "admin.logentry", "pk": 6, "fields": {"action_time": "2023-08-24T08:46:33.321Z", "user": 1, "content_type": 2, "object_id": "16", "object_repr": "Poke@cs.unza.zm", "action_flag": 3, "change_message": ""}}, {"model": "admin.logentry", "pk": 7, "fields": {"action_time": "2023-08-24T08:46:33.351Z", "user": 1, "content_type": 2, "object_id": "15", "object_repr": "Pat@cs.unza.zm", "action_flag": 3, "change_message": ""}}, {"model": "admin.logentry", "pk": 8, "fields": {"action_time": "2023-08-24T08:46:33.392Z", "user": 1, "content_type": 2, "object_id": "14", "object_repr": "Paul@cs.unza.zm", "action_flag": 3, "change_message": ""}}, {"model": "admin.logentry", "pk": 9, "fields": {"action_time": "2023-08-24T08:46:33.442Z", "user": 1, "content_type": 2, "object_id": "13", "object_repr": "Isaac@cs.unza.zm", "action_flag": 3, "change_message": ""}}, {"model": "admin.logentry", "pk": 10, "fields": {"action_time": "2023-08-24T08:46:33.492Z", "user": 1, "content_type": 2, "object_id": "12", "object_repr": "Kai@cs.unza.zm", "action_flag": 3, "change_message": ""}}, {"model": "admin.logentry", "pk": 11, "fields": {"action_time": "2023-08-24T08:46:33.543Z", "user": 1, "content_type": 2, "object_id": "11", "object_repr": "Eradiko@cs.unza.zm", "action_flag": 3, "change_message": ""}}, {"model": "admin.logentry", "pk": 12, "fields": {"action_time": "2023-08-24T08:46:33.585Z", "user": 1, "content_type": 2, "object_id": "10", "object_repr": "kol@cs.unza.zm", "action_flag": 3, "change_message": ""}}, {"model": "admin.logentry", "pk": 13, "fields": {"action_time": "2023-08-24T08:46:33.620Z", "user": 1, "content_type": 2, "object_id": "9", "object_repr": "Hope@cs.unza.zm", "action_flag": 3, "change_message": ""}}, {"model": "admin.logentry", "pk": 14, "fields": {"action_time": "2023-08-24T08:46:33.673Z", "user": 1, "content_type": 2, "object_id": "8", "object_repr": "July@cs.unza.zm", "action_flag": 3, "change_message": ""}}, {"model": "admin.logentry", "pk": 15, "fields": {"action_time": "2023-08-24T08:46:33.732Z", "user": 1, "content_type": 2, "object_id": "7", "object_repr": "Peter@cs.unza", "action_flag": 3, "change_message": ""}}, {"model": "admin.logentry", "pk": 16, "fields": {"action_time": "2023-09-11T13:09:45.485Z", "user": 1, "content_type": 8, "object_id": "1", "object_repr": "BAT 2345", "action_flag": 1, "change_message": "[{\"added\": {}}]"}}, {"model": "admin.logentry", "pk": 17, "fields": {"action_time": "2023-09-16T21:48:56.554Z", "user": 1, "content_type": 9, "object_id": "49", "object_repr": "Biometric Data for JuneAugust", "action_flag": 3, "change_message": ""}}, {"model": "admin.logentry", "pk": 18, "fields": {"action_time": "2023-09-16T21:48:56.567Z", "user": 1, "content_type": 9, "object_id": "48", "object_repr": "Biometric Data for JuneAugust", "action_flag": 3, "change_message": ""}}, {"model": "admin.logentry", "pk": 19, "fields": {"action_time": "2023-09-16T21:48:56.583Z", "user": 1, "content_type": 9, "object_id": "47", "object_repr": "Biometric Data for JuneAugust", "action_flag": 3, "change_message": ""}}, {"model": "admin.logentry", "pk": 20, "fields": {"action_time": "2023-09-16T21:48:56.598Z", "user": 1, "content_type": 9, "object_id": "46", "object_repr": "Biometric Data for JuneAugust", "action_flag": 3, "change_message": ""}}, {"model": "admin.logentry", "pk": 21, "fields": {"action_time": "2023-09-16T21:48:56.614Z", "user": 1, "content_type": 9, "object_id": "45", "object_repr": "Biometric Data for JuneAugust", "action_flag": 3, "change_message": ""}}, {"model": "admin.logentry", "pk": 22, "fields": {"action_time": "2023-09-16T21:48:56.630Z", "user": 1, "content_type": 9, "object_id": "44", "object_repr": "Biometric Data for JuneAugust", "action_flag": 3, "change_message": ""}}, {"model": "admin.logentry", "pk": 23, "fields": {"action_time": "2023-09-16T21:48:56.645Z", "user": 1, "content_type": 9, "object_id": "43", "object_repr": "Biometric Data for JuneAugust", "action_flag": 3, "change_message": ""}}, {"model": "admin.logentry", "pk": 24, "fields": {"action_time": "2023-09-16T21:48:56.661Z", "user": 1, "content_type": 9, "object_id": "42", "object_repr": "Biometric Data for JuneAugust", "action_flag": 3, "change_message": ""}}, {"model": "admin.logentry", "pk": 25, "fields": {"action_time": "2023-09-16T21:48:56.676Z", "user": 1, "content_type": 9, "object_id": "41", "object_repr": "Biometric Data for JuneAugust", "action_flag": 3, "change_message": ""}}, {"model": "admin.logentry", "pk": 26, "fields": {"action_time": "2023-09-16T21:48:56.689Z", "user": 1, "content_type": 9, "object_id": "40", "object_repr": "Biometric Data for JuneAugust", "action_flag": 3, "change_message": ""}}, {"model": "admin.logentry", "pk": 27, "fields": {"action_time": "2023-09-16T21:48:56.705Z", "user": 1, "content_type": 9, "object_id": "39", "object_repr": "Biometric Data for JuneAugust", "action_flag": 3, "change_message": ""}}, {"model": "admin.logentry", "pk": 28, "fields": {"action_time": "2023-09-16T21:48:56.718Z", "user": 1, "content_type": 9, "object_id": "38", "object_repr": "Biometric Data for JuneAugust", "action_flag": 3, "change_message": ""}}, {"model": "admin.logentry", "pk": 29, "fields": {"action_time": "2023-09-16T21:48:56.733Z", "user": 1, "content_type": 9, "object_id": "37", "object_repr": "Biometric Data for JuneAugust", "action_flag": 3, "change_message": ""}}, {"model": "admin.logentry", "pk": 30, "fields": {"action_time": "2023-09-16T21:48:56.747Z", "user": 1, "content_type": 9, "object_id": "36", "object_repr": "Biometric Data for JuneAugust", "action_flag": 3, "change_message": ""}}, {"model": "admin.logentry", "pk": 31, "fields": {"action_time": "2023-09-16T21:48:56.760Z", "user": 1, "content_type": 9, "object_id": "35", "object_repr": "Biometric Data for JuneAugust", "action_flag": 3, "change_message": ""}}, {"model": "admin.logentry", "pk": 32, "fields": {"action_time": "2023-09-16T21:48:56.775Z", "user": 1, "content_type": 9, "object_id": "34", "object_repr": "Biometric Data for JuneAugust", "action_flag": 3, "change_message": ""}}, {"model": "admin.logentry", "pk": 33, "fields": {"action_time": "2023-09-16T21:48:56.792Z", "user": 1, "content_type": 9, "object_id": "33", "object_repr": "Biometric Data for JuneAugust", "action_flag": 3, "change_message": ""}}, {"model": "admin.logentry", "pk": 34, "fields": {"action_time": "2023-09-16T21:48:56.807Z", "user": 1, "content_type": 9, "object_id": "32", "object_repr": "Biometric Data for JuneAugust", "action_flag": 3, "change_message": ""}}, {"model": "admin.logentry", "pk": 35, "fields": {"action_time": "2023-09-16T21:48:56.823Z", "user": 1, "content_type": 9, "object_id": "31", "object_repr": "Biometric Data for JuneAugust", "action_flag": 3, "change_message": ""}}, {"model": "admin.logentry", "pk": 36, "fields": {"action_time": "2023-09-16T21:48:56.839Z", "user": 1, "content_type": 9, "object_id": "30", "object_repr": "Biometric Data for JuneAugust", "action_flag": 3, "change_message": ""}}, {"model": "admin.logentry", "pk": 37, "fields": {"action_time": "2023-09-16T21:48:56.854Z", "user": 1, "content_type": 9, "object_id": "29", "object_repr": "Biometric Data for JuneAugust", "action_flag": 3, "change_message": ""}}, {"model": "admin.logentry", "pk": 38, "fields": {"action_time": "2023-09-16T21:48:56.868Z", "user": 1, "content_type": 9, "object_id": "28", "object_repr": "Biometric Data for JuneAugust", "action_flag": 3, "change_message": ""}}, {"model": "admin.logentry", "pk": 39, "fields": {"action_time": "2023-09-16T21:48:56.878Z", "user": 1, "content_type": 9, "object_id": "27", "object_repr": "Biometric Data for JuneAugust", "action_flag": 3, "change_message": ""}}, {"model": "admin.logentry", "pk": 40, "fields": {"action_time": "2023-09-16T21:48:56.889Z", "user": 1, "content_type": 9, "object_id": "26", "object_repr": "Biometric Data for JuneAugust", "action_flag": 3, "change_message": ""}}, {"model": "admin.logentry", "pk": 41, "fields": {"action_time": "2023-09-16T21:48:56.903Z", "user": 1, "content_type": 9, "object_id": "25", "object_repr": "Biometric Data for JuneAugust", "action_flag": 3, "change_message": ""}}, {"model": "admin.logentry", "pk": 42, "fields": {"action_time": "2023-09-16T21:48:56.914Z", "user": 1, "content_type": 9, "object_id": "24", "object_repr": "Biometric Data for JuneAugust", "action_flag": 3, "change_message": ""}}, {"model": "admin.logentry", "pk": 43, "fields": {"action_time": "2023-09-16T21:48:56.924Z", "user": 1, "content_type": 9, "object_id": "23", "object_repr": "Biometric Data for JuneAugust", "action_flag": 3, "change_message": ""}}, {"model": "admin.logentry", "pk": 44, "fields": {"action_time": "2023-09-16T21:48:56.936Z", "user": 1, "content_type": 9, "object_id": "22", "object_repr": "Biometric Data for JuneAugust", "action_flag": 3, "change_message": ""}}, {"model": "admin.logentry", "pk": 45, "fields": {"action_time": "2023-09-16T21:48:56.948Z", "user": 1, "content_type": 9, "object_id": "21", "object_repr": "Biometric Data for JuneAugust", "action_flag": 3, "change_message": ""}}, {"model": "admin.logentry", "pk": 46, "fields": {"action_time": "2023-09-16T21:48:56.960Z", "user": 1, "content_type": 9, "object_id": "20", "object_repr": "Biometric Data for JuneAugust", "action_flag": 3, "change_message": ""}}, {"model": "admin.logentry", "pk": 47, "fields": {"action_time": "2023-09-16T21:48:56.973Z", "user": 1, "content_type": 9, "object_id": "19", "object_repr": "Biometric Data for JuneAugust", "action_flag": 3, "change_message": ""}}, {"model": "admin.logentry", "pk": 48, "fields": {"action_time": "2023-09-16T21:48:56.985Z", "user": 1, "content_type": 9, "object_id": "18", "object_repr": "Biometric Data for JuneAugust", "action_flag": 3, "change_message": ""}}, {"model": "admin.logentry", "pk": 49, "fields": {"action_time": "2023-09-16T21:48:56.998Z", "user": 1, "content_type": 9, "object_id": "17", "object_repr": "Biometric Data for JuneAugust", "action_flag": 3, "change_message": ""}}, {"model": "admin.logentry", "pk": 50, "fields": {"action_time": "2023-09-16T21:48:57.008Z", "user": 1, "content_type": 9, "object_id": "16", "object_repr": "Biometric Data for JuneAugust", "action_flag": 3, "change_message": ""}}, {"model": "admin.logentry", "pk": 51, "fields": {"action_time": "2023-09-16T21:48:57.021Z", "user": 1, "content_type": 9, "object_id": "15", "object_repr": "Biometric Data for JuneAugust", "action_flag": 3, "change_message": ""}}, {"model": "admin.logentry", "pk": 52, "fields": {"action_time": "2023-09-16T21:48:57.034Z", "user": 1, "content_type": 9, "object_id": "14", "object_repr": "Biometric Data for JuneAugust", "action_flag": 3, "change_message": ""}}, {"model": "admin.logentry", "pk": 53, "fields": {"action_time": "2023-09-16T21:48:57.047Z", "user": 1, "content_type": 9, "object_id": "13", "object_repr": "Biometric Data for JuneAugust", "action_flag": 3, "change_message": ""}}, {"model": "admin.logentry", "pk": 54, "fields": {"action_time": "2023-09-16T21:48:57.062Z", "user": 1, "content_type": 9, "object_id": "12", "object_repr": "Biometric Data for JuneAugust", "action_flag": 3, "change_message": ""}}, {"model": "admin.logentry", "pk": 55, "fields": {"action_time": "2023-09-16T21:48:57.071Z", "user": 1, "content_type": 9, "object_id": "11", "object_repr": "Biometric Data for JuneAugust", "action_flag": 3, "change_message": ""}}, {"model": "admin.logentry", "pk": 56, "fields": {"action_time": "2023-09-16T21:48:57.084Z", "user": 1, "content_type": 9, "object_id": "10", "object_repr": "Biometric Data for JuneAugust", "action_flag": 3, "change_message": ""}}, {"model": "admin.logentry", "pk": 57, "fields": {"action_time": "2023-09-16T21:48:57.100Z", "user": 1, "content_type": 9, "object_id": "9", "object_repr": "Biometric Data for Jasper", "action_flag": 3, "change_message": ""}}, {"model": "admin.logentry", "pk": 58, "fields": {"action_time": "2023-09-16T21:48:57.113Z", "user": 1, "content_type": 9, "object_id": "8", "object_repr": "Biometric Data for AdamDaven", "action_flag": 3, "change_message": ""}}, {"model": "admin.logentry", "pk": 59, "fields": {"action_time": "2023-09-16T21:48:57.122Z", "user": 1, "content_type": 9, "object_id": "7", "object_repr": "Biometric Data for AdamDaven", "action_flag": 3, "change_message": ""}}, {"model": "admin.logentry", "pk": 60, "fields": {"action_time": "2023-09-16T21:48:57.136Z", "user": 1, "content_type": 9, "object_id": "6", "object_repr": "Biometric Data for AdamDaven", "action_flag": 3, "change_message": ""}}, {"model": "admin.logentry", "pk": 61, "fields": {"action_time": "2023-09-16T21:48:57.150Z", "user": 1, "content_type": 9, "object_id": "5", "object_repr": "Biometric Data for AdamDaven", "action_flag": 3, "change_message": ""}}, {"model": "admin.logentry", "pk": 62, "fields": {"action_time": "2023-09-16T21:48:57.162Z", "user": 1, "content_type": 9, "object_id": "4", "object_repr": "Biometric Data for AdamDaven", "action_flag": 3, "change_message": ""}}, {"model": "admin.logentry", "pk": 63, "fields": {"action_time": "2023-09-16T21:48:57.172Z", "user": 1, "content_type": 9, "object_id": "3", "object_repr": "Biometric Data for AdamDaven", "action_flag": 3, "change_message": ""}}, {"model": "admin.logentry", "pk": 64, "fields": {"action_time": "2023-09-16T21:48:57.185Z", "user": 1, "content_type": 9, "object_id": "2", "object_repr": "Biometric Data for Alec", "action_flag": 3, "change_message": ""}}, {"model": "admin.logentry", "pk": 65, "fields": {"action_time": "2023-09-16T21:48:57.200Z", "user": 1, "content_type": 9, "object_id": "1", "object_repr": "Biometric Data for Jadecade", "action_flag": 3, "change_message": ""}}, {"model": "admin.logentry", "pk": 66, "fields": {"action_time": "2023-09-17T13:44:55.591Z", "user": 1, "content_type": 9, "object_id": "54", "object_repr": "Biometric Data for rosecole", "action_flag": 3, "change_message": ""}}, {"model": "admin.logentry", "pk": 67, "fields": {"action_time": "2023-09-17T13:44:55.601Z", "user": 1, "content_type": 9, "object_id": "53", "object_repr": "Biometric Data for rosecole", "action_flag": 3, "change_message": ""}}, {"model": "admin.logentry", "pk": 68, "fields": {"action_time": "2023-09-17T13:44:55.610Z", "user": 1, "content_type": 9, "object_id": "52", "object_repr": "Biometric Data for rosecole", "action_flag": 3, "change_message": ""}}, {"model": "admin.logentry", "pk": 69, "fields": {"action_time": "2023-09-17T13:44:55.619Z", "user": 1, "content_type": 9, "object_id": "51", "object_repr": "Biometric Data for EdwardWaterson", "action_flag": 3, "change_message": ""}}, {"model": "admin.logentry", "pk": 70, "fields": {"action_time": "2023-09-17T13:44:55.631Z", "user": 1, "content_type": 9, "object_id": "50", "object_repr": "Biometric Data for EdwardWaterson", "action_flag": 3, "change_message": ""}}, {"model": "admin.logentry", "pk": 71, "fields": {"action_time": "2023-09-21T05:52:05.307Z", "user": 1, "content_type": 2, "object_id": "43", "object_repr": "Grey@cs.unza.zm", "action_flag": 3, "change_message": ""}}, {"model": "admin.logentry", "pk": 72, "fields": {"action_time": "2023-09-21T05:52:05.317Z", "user": 1, "content_type": 2, "object_id": "42", "object_repr": "Tara@cs.unza.zm", "action_flag": 3, "change_message": ""}}, {"model": "admin.logentry", "pk": 73, "fields": {"action_time": "2023-09-21T05:52:05.329Z", "user": 1, "content_type": 2, "object_id": "41", "object_repr": "Kara@gmail.com", "action_flag": 3, "change_message": ""}}, {"model": "admin.logentry", "pk": 74, "fields": {"action_time": "2023-09-21T05:52:05.338Z", "user": 1, "content_type": 2, "object_id": "40", "object_repr": "Rose@cs.unza.zm", "action_flag": 3, "change_message": ""}}, {"model": "admin.logentry", "pk": 75, "fields": {"action_time": "2023-09-21T05:52:05.348Z", "user": 1, "content_type": 2, "object_id": "39", "object_repr": "Edward@cs.unza.zm", "action_flag": 3, "change_message": ""}}, {"model": "admin.logentry", "pk": 76, "fields": {"action_time": "2023-09-21T05:52:05.358Z", "user": 1, "content_type": 2, "object_id": "38", "object_repr": "June@cs.unza.zm", "action_flag": 3, "change_message": ""}}, {"model": "admin.logentry", "pk": 77, "fields": {"action_time": "2023-09-21T05:52:05.367Z", "user": 1, "content_type": 2, "object_id": "37", "object_repr": "Jasper@cs.unza.zm", "action_flag": 3, "change_message": ""}}, {"model": "admin.logentry", "pk": 78, "fields": {"action_time": "2023-09-21T05:52:05.378Z", "user": 1, "content_type": 2, "object_id": "36", "object_repr": "Adam@cs.unza.zm", "action_flag": 3, "change_message": ""}}, {"model": "admin.logentry", "pk": 79, "fields": {"action_time": "2023-09-21T07:12:39.255Z", "user": 1, "content_type": 9, "object_id": "69", "object_repr": "Biometric Data for Hello", "action_flag": 3, "change_message": ""}}, {"model": "admin.logentry", "pk": 80, "fields": {"action_time": "2023-09-21T07:12:39.267Z", "user": 1, "content_type": 9, "object_id": "68", "object_repr": "Biometric Data for Charles", "action_flag": 3, "change_message": ""}}, {"model": "admin.logentry", "pk": 81, "fields": {"action_time": "2023-09-21T07:12:39.278Z", "user": 1, "content_type": 9, "object_id": "67", "object_repr": "Biometric Data for Charles", "action_flag": 3, "change_message": ""}}, {"model": "admin.logentry", "pk": 82, "fields": {"action_time": "2023-09-21T07:12:39.293Z", "user": 1, "content_type": 9, "object_id": "66", "object_repr": "Biometric Data for Charles", "action_flag": 3, "change_message": ""}}, {"model": "admin.logentry", "pk": 83, "fields": {"action_time": "2023-09-21T07:12:39.303Z", "user": 1, "content_type": 9, "object_id": "65", "object_repr": "Biometric Data for Charles", "action_flag": 3, "change_message": ""}}, {"model": "admin.logentry", "pk": 84, "fields": {"action_time": "2023-09-21T07:12:39.314Z", "user": 1, "content_type": 9, "object_id": "64", "object_repr": "Biometric Data for Charles", "action_flag": 3, "change_message": ""}}, {"model": "admin.logentry", "pk": 85, "fields": {"action_time": "2023-09-21T07:12:39.324Z", "user": 1, "content_type": 9, "object_id": "63", "object_repr": "Biometric Data for Charles", "action_flag": 3, "change_message": ""}}, {"model": "admin.logentry", "pk": 86, "fields": {"action_time": "2023-09-21T07:12:39.337Z", "user": 1, "content_type": 9, "object_id": "62", "object_repr": "Biometric Data for Charles", "action_flag": 3, "change_message": ""}}, {"model": "admin.logentry", "pk": 87, "fields": {"action_time": "2023-09-21T07:12:39.349Z", "user": 1, "content_type": 9, "object_id": "61", "object_repr": "Biometric Data for Charles", "action_flag": 3, "change_message": ""}}, {"model": "admin.logentry", "pk": 88, "fields": {"action_time": "2023-09-24T06:48:56.794Z", "user": 1, "content_type": 9, "object_id": "75", "object_repr": "Biometric Data for Runo", "action_flag": 3, "change_message": ""}}, {"model": "admin.logentry", "pk": 89, "fields": {"action_time": "2023-09-24T06:48:56.807Z", "user": 1, "content_type": 9, "object_id": "74", "object_repr": "Biometric Data for Runo", "action_flag": 3, "change_message": ""}}, {"model": "admin.logentry", "pk": 90, "fields": {"action_time": "2023-09-24T06:48:56.819Z", "user": 1, "content_type": 9, "object_id": "73", "object_repr": "Biometric Data for Runo", "action_flag": 3, "change_message": ""}}, {"model": "admin.logentry", "pk": 91, "fields": {"action_time": "2023-09-24T06:48:56.832Z", "user": 1, "content_type": 9, "object_id": "72", "object_repr": "Biometric Data for Runo", "action_flag": 3, "change_message": ""}}, {"model": "admin.logentry", "pk": 92, "fields": {"action_time": "2023-09-24T06:48:56.843Z", "user": 1, "content_type": 9, "object_id": "71", "object_repr": "Biometric Data for Walter", "action_flag": 3, "change_message": ""}}, {"model": "admin.logentry", "pk": 93, "fields": {"action_time": "2023-09-24T06:48:56.856Z", "user": 1, "content_type": 9, "object_id": "70", "object_repr": "Biometric Data for Walter", "action_flag": 3, "change_message": ""}}, {"model": "admin.logentry", "pk": 94, "fields": {"action_time": "2023-09-24T07:27:38.440Z", "user": 1, "content_type": 9, "object_id": "79", "object_repr": "Biometric Data for Marcus", "action_flag": 3, "change_message": ""}}, {"model": "admin.logentry", "pk": 95, "fields": {"action_time": "2023-09-24T07:27:38.453Z", "user": 1, "content_type": 9, "object_id": "78", "object_repr": "Biometric Data for Marcus", "action_flag": 3, "change_message": ""}}, {"model": "admin.logentry", "pk": 96, "fields": {"action_time": "2023-09-24T07:27:38.466Z", "user": 1, "content_type": 9, "object_id": "77", "object_repr": "Biometric Data for leena", "action_flag": 3, "change_message": ""}}, {"model": "admin.logentry", "pk": 97, "fields": {"action_time": "2023-09-24T07:27:38.478Z", "user": 1, "content_type": 9, "object_id": "76", "object_repr": "Biometric Data for leena", "action_flag": 3, "change_message": ""}}, {"model": "admin.logentry", "pk": 98, "fields": {"action_time": "2023-09-24T07:34:32.482Z", "user": 1, "content_type": 9, "object_id": "81", "object_repr": "Biometric Data for Dream", "action_flag": 3, "change_message": ""}}, {"model": "admin.logentry", "pk": 99, "fields": {"action_time": "2023-09-24T07:34:32.496Z", "user": 1, "content_type": 9, "object_id": "80", "object_repr": "Biometric Data for Dream", "action_flag": 3, "change_message": ""}}, {"model": "auth.permission", "pk": 1, "fields": {"name": "Can add question", "content_type": 1, "codename": "add_question"}}, {"model": "auth.permission", "pk": 2, "fields": {"name": "Can change question", "content_type": 1, "codename": "change_question"}}, {"model": "auth.permission", "pk": 3, "fields": {"name": "Can delete question", "content_type": 1, "codename": "delete_question"}}, {"model": "auth.permission", "pk": 4, "fields": {"name": "Can view question", "content_type": 1, "codename": "view_question"}}, {"model": "auth.permission", "pk": 5, "fields": {"name": "Can add account", "content_type": 2, "codename": "add_account"}}, {"model": "auth.permission", "pk": 6, "fields": {"name": "Can change account", "content_type": 2, "codename": "change_account"}}, {"model": "auth.permission", "pk": 7, "fields": {"name": "Can delete account", "content_type": 2, "codename": "delete_account"}}, {"model": "auth.permission", "pk": 8, "fields": {"name": "Can view account", "content_type": 2, "codename": "view_account"}}, {"model": "auth.permission", "pk": 9, "fields": {"name": "Can add log entry", "content_type": 3, "codename": "add_logentry"}}, {"model": "auth.permission", "pk": 10, "fields": {"name": "Can change log entry", "content_type": 3, "codename": "change_logentry"}}, {"model": "auth.permission", "pk": 11, "fields": {"name": "Can delete log entry", "content_type": 3, "codename": "delete_logentry"}}, {"model": "auth.permission", "pk": 12, "fields": {"name": "Can view log entry", "content_type": 3, "codename": "view_logentry"}}, {"model": "auth.permission", "pk": 13, "fields": {"name": "Can add permission", "content_type": 4, "codename": "add_permission"}}, {"model": "auth.permission", "pk": 14, "fields": {"name": "Can change permission", "content_type": 4, "codename": "change_permission"}}, {"model": "auth.permission", "pk": 15, "fields": {"name": "Can delete permission", "content_type": 4, "codename": "delete_permission"}}, {"model": "auth.permission", "pk": 16, "fields": {"name": "Can view permission", "content_type": 4, "codename": "view_permission"}}, {"model": "auth.permission", "pk": 17, "fields": {"name": "Can add group", "content_type": 5, "codename": "add_group"}}, {"model": "auth.permission", "pk": 18, "fields": {"name": "Can change group", "content_type": 5, "codename": "change_group"}}, {"model": "auth.permission", "pk": 19, "fields": {"name": "Can delete group", "content_type": 5, "codename": "delete_group"}}, {"model": "auth.permission", "pk": 20, "fields": {"name": "Can view group", "content_type": 5, "codename": "view_group"}}, {"model": "auth.permission", "pk": 21, "fields": {"name": "Can add content type", "content_type": 6, "codename": "add_contenttype"}}, {"model": "auth.permission", "pk": 22, "fields": {"name": "Can change content type", "content_type": 6, "codename": "change_contenttype"}}, {"model": "auth.permission", "pk": 23, "fields": {"name": "Can delete content type", "content_type": 6, "codename": "delete_contenttype"}}, {"model": "auth.permission", "pk": 24, "fields": {"name": "Can view content type", "content_type": 6, "codename": "view_contenttype"}}, {"model": "auth.permission", "pk": 25, "fields": {"name": "Can add session", "content_type": 7, "codename": "add_session"}}, {"model": "auth.permission", "pk": 26, "fields": {"name": "Can change session", "content_type": 7, "codename": "change_session"}}, {"model": "auth.permission", "pk": 27, "fields": {"name": "Can delete session", "content_type": 7, "codename": "delete_session"}}, {"model": "auth.permission", "pk": 28, "fields": {"name": "Can view session", "content_type": 7, "codename": "view_session"}}, {"model": "auth.permission", "pk": 29, "fields": {"name": "Can add Vehicle", "content_type": 8, "codename": "add_vehicle"}}, {"model": "auth.permission", "pk": 30, "fields": {"name": "Can change Vehicle", "content_type": 8, "codename": "change_vehicle"}}, {"model": "auth.permission", "pk": 31, "fields": {"name": "Can delete Vehicle", "content_type": 8, "codename": "delete_vehicle"}}, {"model": "auth.permission", "pk": 32, "fields": {"name": "Can view Vehicle", "content_type": 8, "codename": "view_vehicle"}}, {"model": "auth.permission", "pk": 33, "fields": {"name": "Can add biometric data", "content_type": 9, "codename": "add_biometricdata"}}, {"model": "auth.permission", "pk": 34, "fields": {"name": "Can change biometric data", "content_type": 9, "codename": "change_biometricdata"}}, {"model": "auth.permission", "pk": 35, "fields": {"name": "Can delete biometric data", "content_type": 9, "codename": "delete_biometricdata"}}, {"model": "auth.permission", "pk": 36, "fields": {"name": "Can view biometric data", "content_type": 9, "codename": "view_biometricdata"}}, {"model": "auth.permission", "pk": 37, "fields": {"name": "Can add Vehicle", "content_type": 8, "codename": "add_vehicleinformation"}}, {"model": "auth.permission", "pk": 38, "fields": {"name": "Can change Vehicle", "content_type": 8, "codename": "change_vehicleinformation"}}, {"model": "auth.permission", "pk": 39, "fields": {"name": "Can delete Vehicle", "content_type": 8, "codename": "delete_vehicleinformation"}}, {"model": "auth.permission", "pk": 40, "fields": {"name": "Can view Vehicle", "content_type": 8, "codename": "view_vehicleinformation"}}, {"model": "auth.permission", "pk": 41, "fields": {"name": "Can add Member", "content_type": 10, "codename": "add_member"}}, {"model": "auth.permission", "pk": 42, "fields": {"name": "Can change Member", "content_type": 10, "codename": "change_member"}}, {"model": "auth.permission", "pk": 43, "fields": {"name": "Can delete Member", "content_type": 10, "codename": "delete_member"}}, {"model": "auth.permission", "pk": 44, "fields": {"name": "Can view Member", "content_type": 10, "codename": "view_member"}}, {"model": "contenttypes.contenttype", "pk": 1, "fields": {"app_label": "personal", "model": "question"}}, {"model": "contenttypes.contenttype", "pk": 2, "fields": {"app_label": "account", "model": "account"}}, {"model": "contenttypes.contenttype", "pk": 3, "fields": {"app_label": "admin", "model": "logentry"}}, {"model": "contenttypes.contenttype", "pk": 4, "fields": {"app_label": "auth", "model": "permission"}}, {"model": "contenttypes.contenttype", "pk": 5, "fields": {"app_label": "auth", "model": "group"}}, {"model": "contenttypes.contenttype", "pk": 6, "fields": {"app_label": "contenttypes", "model": "contenttype"}}, {"model": "contenttypes.contenttype", "pk": 7, "fields": {"app_label": "sessions", "model": "session"}}, {"model": "contenttypes.contenttype", "pk": 8, "fields": {"app_label": "account", "model": "vehicleinformation"}}, {"model": "contenttypes.contenttype", "pk": 9, "fields": {"app_label": "account", "model": "biometricdata"}}, {"model": "contenttypes.contenttype", "pk": 10, "fields": {"app_label": "account", "model": "member"}}, {"model": "sessions.session", "pk": "0i4tehwx5qxtw42q22es3898b6hqvn5b", "fields": {"session_data": ".eJxVjEEOwiAQAP_C2RCQwhaP3n0DWXZBqgaS0p6MfzckPeh1ZjJvEXDfSth7WsPC4iK0OP2yiPRMdQh-YL03Sa1u6xLlSORhu7w1Tq_r0f4NCvYytqTJRasVRDLZZm9YRZgckIYze8VZKZ4cA_mZHAEb8JjBa5tpxhzF5wviZzg_:1qSEU5:tviLn78-HQu1r0WM8vYN648ToaWNGg155UYXCGaSVS0", "expire_date": "2023-08-19T10:26:09.675Z"}}, {"model": "sessions.session", "pk": "1ycc7830nn2ifrojwz3742jhljfp0z1k", "fields": {"session_data": "e30:1qk364:-VCLFrYHLooeaDKE1MpA6kyPt6QF2bse4se3rRmeXK0", "expire_date": "2023-10-07T13:55:00.203Z"}}, {"model": "sessions.session", "pk": "e93ng7rhofxthh6dhzqdeujetqcmk0k2", "fields": {"session_data": ".eJxVjEEOwiAQAP_C2RCQwhaP3n0DWXZBqgaS0p6MfzckPeh1ZjJvEXDfSth7WsPC4iK0OP2yiPRMdQh-YL03Sa1u6xLlSORhu7w1Tq_r0f4NCvYytqTJRasVRDLZZm9YRZgckIYze8VZKZ4cA_mZHAEb8JjBa5tpxhzF5wviZzg_:1qTGPU:1s-N-vBfketTRnMocafuJGmvWTnTZ2vrC59n7fNRLAQ", "expire_date": "2023-08-22T06:41:40.773Z"}}, {"model": "sessions.session", "pk": "khdlq1k0f346smknwdtva5b75ipg65cu", "fields": {"session_data": "e30:1qk3Il:hO2Um0B8dNBEenBhL3lerk72WuruQK0xt2W-sCU01RI", "expire_date": "2023-10-07T14:08:07.815Z"}}, {"model": "sessions.session", "pk": "lwtna4ftms74zyla1l8xik47imen71w9", "fields": {"session_data": ".eJxVjEEOwiAQRe_C2hCgMAwu3XuGZgqDVA0kpV0Z765NutDtf-_9lxhpW8u4dV7GOYmz0OL0u00UH1x3kO5Ub03GVtdlnuSuyIN2eW2Jn5fD_Tso1Mu3RpeRlc4BGTIOgNE5IBeVTsqw9QoDgGW0ir0NmE3QmPwECIRgaBDvD8GdNrU:1qiqLe:TyX8VjpAwbCw7BqPHeDVpVIF43nvhoQEjKMAud550uo", "expire_date": "2023-10-04T06:06:06.994Z"}}, {"model": "sessions.session", "pk": "xrbpxvj197zumzerq9u8e5vgxvj2ku6z", "fields": {"session_data": ".eJxVjEEOwiAQRe_C2hCgMAwu3XuGZgqDVA0kpV0Z765NutDtf-_9lxhpW8u4dV7GOYmz0OL0u00UH1x3kO5Ub03GVtdlnuSuyIN2eW2Jn5fD_Tso1Mu3RpeRlc4BGTIOgNE5IBeVTsqw9QoDgGW0ir0NmE3QmPwECIRgaBDvD8GdNrU:1qkKM1:xxIaX-zteoi1u6pZ40HKTG07d1_pnuCf099EsKQID2w", "expire_date": "2023-10-08T08:20:37.152Z"}}]